GID,"Last, First",First  Last,Date,Team,Opp,H/A,GameID,GTime(ET),Team pts,Opp pts,Start,Minutes,GP,active,FDP,DKP,DDP,YHP,Stats,DoubleD,TripleD,FD Sal,FD Change,DK Sal,DK Change,DD Sal,DD Change,YH Sal,YH Change,FD pos,DK pos,DD pos,YH pos
3816,"Williams, Louis",Louis Williams,20170110,lal,por,H,20170110-por-lal,22.5,NA,NA,NA,NA,NA,NA,NA,NA,NA,NA,,NA,NA,4700,-200,4600,-300,12350,450,21,0,2,2,12,2
4379,"Irving, Kyrie",Kyrie Irving,20170110,cle,uta,A,20170110-cle-uta,21,NA,NA,NA,NA,NA,NA,NA,NA,NA,NA,,NA,NA,8100,-800,7700,-500,15100,-2650,37,0,1,1,12,1
4917,"Crawford, Drew",Drew Crawford,20170110,tor,bos,H,20170110-bos-tor,19.5,NA,NA,NA,NA,NA,NA,NA,NA,NA,NA,,NA,NA,NA,NA,NA,NA,NA,NA,NA,NA,NA,NA,NA,NA
4628,"Hardaway Jr., Tim",Tim Hardaway Jr.,20170110,atl,bkn,A,20170110-atl-bkn,19.5,NA,NA,NA,NA,NA,NA,NA,NA,NA,NA,,NA,NA,4500,400,4600,600,6950,650,11,1,2,23,23,3
4956,"Jankovic, Stefan",Stefan Jankovic,20170110,mia,gsw,A,20170110-mia-gsw,22.5,NA,NA,NA,NA,NA,NA,NA,NA,NA,NA,,NA,NA,NA,NA,NA,NA,NA,NA,NA,NA,NA,NA,NA,NA
3503,"Scola, Luis",Luis Scola,20170110,bkn,atl,H,20170110-atl-bkn,19.5,NA,NA,NA,NA,NA,NA,NA,NA,NA,NA,,NA,NA,3500,0,3000,0,5150,-450,10,0,4,45,45,4
4112,"Lopez, Robin",Robin Lopez,20170110,chi,was,A,20170110-chi-was,19,NA,NA,NA,NA,NA,NA,NA,NA,NA,NA,,NA,NA,4200,-100,3900,-400,9050,-350,13,0,5,5,5,5
4963,"Murray, Dejounte",Dejounte Murray,20170110,sas,mil,H,20170110-mil-sas,20.5,NA,NA,NA,NA,NA,NA,NA,NA,NA,NA,,NA,NA,3500,0,3000,0,5000,0,10,0,2,1,1,1
4845,"Felicio, Cristiano",Cristiano Felicio,20170110,chi,was,A,20170110-chi-was,19,NA,NA,NA,NA,NA,NA,NA,NA,NA,NA,,NA,NA,3500,0,3000,0,5200,-100,10,0,5,5,5,5
4224,"Harden, James",James Harden,20170110,hou,cha,H,20170110-cha-hou,20,NA,NA,NA,NA,NA,NA,NA,NA,NA,NA,,NA,NA,11700,200,12100,400,23750,550,61,0,2,12,12,2
4937,"Freeman, Trey",Trey Freeman,20170110,det,sac,A,20170110-det-sac,22.5,NA,NA,NA,NA,NA,NA,NA,NA,NA,NA,,NA,NA,NA,NA,NA,NA,NA,NA,NA,NA,NA,NA,NA,NA
4893,"Marjanovic, Boban",Boban Marjanovic,20170110,det,sac,A,20170110-det-sac,22.5,NA,NA,NA,NA,NA,NA,NA,NA,NA,NA,,NA,NA,3900,0,3300,300,5000,0,10,0,5,5,5,5
4788,"Richardson, Josh",Josh Richardson,20170110,mia,gsw,A,20170110-mia-gsw,22.5,NA,NA,NA,NA,NA,NA,NA,NA,NA,NA,,NA,NA,5200,0,5000,0,9350,150,18,0,2,3,3,3
4629,"Brown, Lorenzo",Lorenzo Brown,20170110,det,sac,A,20170110-det-sac,22.5,NA,NA,NA,NA,NA,NA,NA,NA,NA,NA,,NA,NA,NA,NA,NA,NA,NA,NA,NA,NA,NA,NA,NA,NA
4926,"Papagiannis, Georgios",Georgios Papagiannis,20170110,sac,det,H,20170110-det-sac,22.5,NA,NA,NA,NA,NA,NA,NA,NA,NA,NA,,NA,NA,3500,0,3000,0,5000,0,10,0,5,5,5,5
4087,"Brown, Bobby",Bobby Brown,20170110,hou,cha,H,20170110-cha-hou,20,NA,NA,NA,NA,NA,NA,NA,NA,NA,NA,,NA,NA,3500,0,3000,0,5000,0,10,0,1,1,12,2
3986,"Durant, Kevin",Kevin Durant,20170110,gsw,mia,H,20170110-mia-gsw,22.5,NA,NA,NA,NA,NA,NA,NA,NA,NA,NA,,NA,NA,10100,-100,9800,100,19500,-1700,50,0,3,3,34,3
3972,"Anthony, Joel",Joel Anthony,20170110,sas,mil,H,20170110-mil-sas,20.5,NA,NA,NA,NA,NA,NA,NA,NA,NA,NA,,NA,NA,NA,NA,NA,NA,NA,NA,NA,NA,NA,NA,NA,NA
4969,"Richardson, Malachi",Malachi Richardson,20170110,sac,det,H,20170110-det-sac,22.5,NA,NA,NA,NA,NA,NA,NA,NA,NA,NA,,NA,NA,3500,0,3000,0,5000,0,10,0,2,2,2,2
4722,"Hairston, P.J.",P.J. Hairston,20170110,hou,cha,H,20170110-cha-hou,20,NA,NA,NA,NA,NA,NA,NA,NA,NA,NA,,NA,NA,NA,NA,NA,NA,NA,NA,NA,NA,NA,NA,NA,NA
4980,"Satoransky, Tomas",Tomas Satoransky,20170110,was,chi,H,20170110-chi-was,19,NA,NA,NA,NA,NA,NA,NA,NA,NA,NA,,NA,NA,3500,0,3000,-300,5000,0,10,0,2,1,12,1
4159,"Lawson, Ty",Ty Lawson,20170110,sac,det,H,20170110-det-sac,22.5,NA,NA,NA,NA,NA,NA,NA,NA,NA,NA,,NA,NA,4400,0,4500,300,8500,-150,11,0,1,1,1,1
4982,"Uthoff, Jarrod",Jarrod Uthoff,20170110,tor,bos,H,20170110-bos-tor,19.5,NA,NA,NA,NA,NA,NA,NA,NA,NA,NA,,NA,NA,NA,NA,NA,NA,NA,NA,NA,NA,NA,NA,NA,NA
3541,"James, LeBron",LeBron James,20170110,cle,uta,A,20170110-cle-uta,21,NA,NA,NA,NA,NA,NA,NA,NA,NA,NA,,NA,NA,10000,-100,9600,-600,19100,-3300,53,0,3,3,34,3
4086,"Batum, Nicolas",Nicolas Batum,20170110,cha,hou,A,20170110-cha-hou,20,NA,NA,NA,NA,NA,NA,NA,NA,NA,NA,,NA,NA,7500,0,6900,0,16500,3900,35,0,2,23,23,2
4946,"Laprovittola, Nicolas",Nicolas Laprovittola,20170110,sas,mil,H,20170110-mil-sas,20.5,NA,NA,NA,NA,NA,NA,NA,NA,NA,NA,,NA,NA,3500,0,NA,NA,NA,NA,NA,NA,1,NA,NA,NA
4362,"Liggins, DeAndre",DeAndre Liggins,20170110,cle,uta,A,20170110-cle-uta,21,NA,NA,NA,NA,NA,NA,NA,NA,NA,NA,,NA,NA,3600,100,3100,100,5000,0,10,0,2,2,23,2
4729,"Ennis, Tyler",Tyler Ennis,20170110,hou,cha,H,20170110-cha-hou,20,NA,NA,NA,NA,NA,NA,NA,NA,NA,NA,,NA,NA,3500,0,3000,0,5000,0,10,0,1,1,1,1
4810,"Hollis-Jefferson, Rondae",Rondae Hollis-Jefferson,20170110,bkn,atl,H,20170110-atl-bkn,19.5,NA,NA,NA,NA,NA,NA,NA,NA,NA,NA,,NA,NA,3900,-100,3600,-100,8400,-700,10,0,3,3,23,3
4977,"Wiltjer, Kyle",Kyle Wiltjer,20170110,hou,cha,H,20170110-cha-hou,20,NA,NA,NA,NA,NA,NA,NA,NA,NA,NA,,NA,NA,3500,0,3000,0,5000,0,10,0,4,4,4,4
4377,"Mack, Shelvin",Shelvin Mack,20170110,uta,cle,H,20170110-cle-uta,21,NA,NA,NA,NA,NA,NA,NA,NA,NA,NA,,NA,NA,3500,-400,3800,-500,8350,0,13,0,1,1,1,1
4485,"Roberts, Brian",Brian Roberts,20170110,cha,hou,A,20170110-cha-hou,20,NA,NA,NA,NA,NA,NA,NA,NA,NA,NA,,NA,NA,3500,0,3000,0,5000,0,10,0,1,1,12,1
4507,"Bazemore, Kent",Kent Bazemore,20170110,atl,bkn,A,20170110-atl-bkn,19.5,NA,NA,NA,NA,NA,NA,NA,NA,NA,NA,,NA,NA,4400,500,4300,-200,9350,650,15,0,3,23,23,2
3571,"Wade, Dwyane",Dwyane Wade,20170110,chi,was,A,20170110-chi-was,19,NA,NA,NA,NA,NA,NA,NA,NA,NA,NA,,NA,NA,6600,100,6000,-100,13200,1150,26,-2,2,2,12,2
4761,"Vonleh, Noah",Noah Vonleh,20170110,por,lal,A,20170110-por-lal,22.5,NA,NA,NA,NA,NA,NA,NA,NA,NA,NA,,NA,NA,3500,0,3000,0,5000,0,10,0,4,4,4,4
4684,"Jefferson, Cory",Cory Jefferson,20170110,cle,uta,A,20170110-cle-uta,21,NA,NA,NA,NA,NA,NA,NA,NA,NA,NA,,NA,NA,NA,NA,NA,NA,NA,NA,NA,NA,NA,NA,NA,NA
4912,"Garino, Patricio",Patricio Garino,20170110,sas,mil,H,20170110-mil-sas,20.5,NA,NA,NA,NA,NA,NA,NA,NA,NA,NA,,NA,NA,NA,NA,NA,NA,NA,NA,NA,NA,NA,NA,NA,NA
3574,"Williams, Maurice",Maurice Williams,20170110,atl,bkn,A,20170110-atl-bkn,19.5,NA,NA,NA,NA,NA,NA,NA,NA,NA,NA,,NA,NA,NA,NA,3000,0,5000,0,10,0,NA,1,12,2
4397,"Shumpert, Iman",Iman Shumpert,20170110,cle,uta,A,20170110-cle-uta,21,NA,NA,NA,NA,NA,NA,NA,NA,NA,NA,,NA,NA,3700,100,3500,0,6200,-1050,10,0,2,12,23,1
4321,"Wall, John",John Wall,20170110,was,chi,H,20170110-chi-was,19,NA,NA,NA,NA,NA,NA,NA,NA,NA,NA,,NA,NA,9500,-300,9900,0,20250,1250,49,0,1,1,1,1
4514,"Lamb, Jeremy",Jeremy Lamb,20170110,cha,hou,A,20170110-cha-hou,20,NA,NA,NA,NA,NA,NA,NA,NA,NA,NA,,NA,NA,4000,200,5100,1100,7150,1650,13,2,2,23,23,3
4657,"McCollum, C.J.",C.J. McCollum,20170110,por,lal,A,20170110-por-lal,22.5,NA,NA,NA,NA,NA,NA,NA,NA,NA,NA,,NA,NA,8800,800,8100,-900,15900,1500,39,2,2,12,12,2
4766,"Capela, Clint",Clint Capela,20170110,hou,cha,H,20170110-cha-hou,20,NA,NA,NA,NA,NA,NA,NA,NA,NA,NA,,NA,NA,5300,0,4900,0,11850,500,19,0,5,5,45,5
4988,"White, Okaro",Okaro White,20170110,mia,gsw,A,20170110-mia-gsw,22.5,NA,NA,NA,NA,NA,NA,NA,NA,NA,NA,,NA,NA,NA,NA,NA,NA,NA,NA,NA,NA,NA,NA,NA,NA
4902,"McCaw, Patrick",Patrick McCaw,20170110,gsw,mia,H,20170110-mia-gsw,22.5,NA,NA,NA,NA,NA,NA,NA,NA,NA,NA,,NA,NA,3500,0,3000,0,5000,0,10,0,2,23,2,2
4261,"Aminu, Al-Farouq",Al-Farouq Aminu,20170110,por,lal,A,20170110-por-lal,22.5,NA,NA,NA,NA,NA,NA,NA,NA,NA,NA,,NA,NA,4600,100,5100,700,9050,1450,13,0,4,4,34,4
4302,"Patterson, Patrick",Patrick Patterson,20170110,tor,bos,H,20170110-bos-tor,19.5,NA,NA,NA,NA,NA,NA,NA,NA,NA,NA,,NA,NA,4000,0,3600,0,7850,-150,12,0,4,4,45,4
3931,"Sefolosha, Thabo",Thabo Sefolosha,20170110,atl,bkn,A,20170110-atl-bkn,19.5,NA,NA,NA,NA,NA,NA,NA,NA,NA,NA,,NA,NA,4100,-100,4100,-300,8050,550,12,0,3,23,23,3
4269,"Bradley, Avery",Avery Bradley,20170110,bos,tor,A,20170110-bos-tor,19.5,NA,NA,NA,NA,NA,NA,NA,NA,NA,NA,,NA,NA,6700,400,6000,-100,13150,-1350,26,0,2,2,12,2
4759,"Nogueira, Lucas",Lucas Nogueira,20170110,tor,bos,H,20170110-bos-tor,19.5,NA,NA,NA,NA,NA,NA,NA,NA,NA,NA,,NA,NA,3600,0,3500,100,7350,-150,10,0,5,5,5,5
3975,"Brewer, Corey",Corey Brewer,20170110,hou,cha,H,20170110-cha-hou,20,NA,NA,NA,NA,NA,NA,NA,NA,NA,NA,,NA,NA,3500,0,3000,0,5000,0,10,0,3,23,23,2
3895,"Novak, Steve",Steve Novak,20170110,mil,sas,A,20170110-mil-sas,20.5,NA,NA,NA,NA,NA,NA,NA,NA,NA,NA,,NA,NA,3500,0,3000,0,5000,0,10,0,3,3,34,3
4981,"Jones, Jalen",Jalen Jones,20170110,bos,tor,A,20170110-bos-tor,19.5,NA,NA,NA,NA,NA,NA,NA,NA,NA,NA,,NA,NA,NA,NA,NA,NA,NA,NA,NA,NA,NA,NA,NA,NA
4168,"Johnson, James",James Johnson,20170110,mia,gsw,A,20170110-mia-gsw,22.5,NA,NA,NA,NA,NA,NA,NA,NA,NA,NA,,NA,NA,5600,0,6000,-200,8400,250,22,2,4,4,34,4
4838,"Johnson, Stanley",Stanley Johnson,20170110,det,sac,A,20170110-det-sac,22.5,NA,NA,NA,NA,NA,NA,NA,NA,NA,NA,,NA,NA,3500,0,3200,200,6150,850,10,0,3,23,23,2
4709,"Bogdanovic, Bojan",Bojan Bogdanovic,20170110,bkn,atl,H,20170110-atl-bkn,19.5,NA,NA,NA,NA,NA,NA,NA,NA,NA,NA,,NA,NA,4200,100,4900,300,8500,-600,15,0,3,2,23,2
4475,"Sullinger, Jared",Jared Sullinger,20170110,tor,bos,H,20170110-bos-tor,19.5,NA,NA,NA,NA,NA,NA,NA,NA,NA,NA,,NA,NA,NA,NA,3000,0,5000,0,18,0,NA,5,45,4
4102,"Hill, George",George Hill,20170110,uta,cle,H,20170110-cle-uta,21,NA,NA,NA,NA,NA,NA,NA,NA,NA,NA,,NA,NA,6500,300,6300,300,13250,-600,25,-2,1,1,12,1
4901,"Valentine, Denzel",Denzel Valentine,20170110,chi,was,A,20170110-chi-was,19,NA,NA,NA,NA,NA,NA,NA,NA,NA,NA,,NA,NA,3800,300,3000,0,5000,0,10,0,2,12,3,1
4661,"Ware, Casper",Casper Ware,20170110,was,chi,H,20170110-chi-was,19,NA,NA,NA,NA,NA,NA,NA,NA,NA,NA,,NA,NA,NA,NA,NA,NA,NA,NA,NA,NA,NA,NA,NA,NA
4211,"DeRozan, DeMar",DeMar DeRozan,20170110,tor,bos,H,20170110-bos-tor,19.5,NA,NA,NA,NA,NA,NA,NA,NA,NA,NA,,NA,NA,9000,400,8300,200,17000,250,40,0,2,2,23,2
4620,"Gobert, Rudy",Rudy Gobert,20170110,uta,cle,H,20170110-cle-uta,21,NA,NA,NA,NA,NA,NA,NA,NA,NA,NA,,NA,NA,7500,200,6800,200,13150,-1400,29,0,5,5,5,5
3404,"Dunleavy, Mike",Mike Dunleavy,20170110,atl,bkn,A,20170110-atl-bkn,19.5,NA,NA,NA,NA,NA,NA,NA,NA,NA,NA,,NA,NA,3500,0,3000,0,5000,0,10,0,3,3,23,2
4071,"Beasley, Michael",Michael Beasley,20170110,mil,sas,A,20170110-mil-sas,20.5,NA,NA,NA,NA,NA,NA,NA,NA,NA,NA,,NA,NA,3600,100,3400,300,5000,-850,10,0,3,34,34,3
3872,"Rondo, Rajon",Rajon Rondo,20170110,chi,was,A,20170110-chi-was,19,NA,NA,NA,NA,NA,NA,NA,NA,NA,NA,,NA,NA,4000,0,4700,-400,12100,1050,17,-2,1,1,1,1
4196,"Budinger, Chase",Chase Budinger,20170110,bkn,atl,H,20170110-atl-bkn,19.5,NA,NA,NA,NA,NA,NA,NA,NA,NA,NA,,NA,NA,NA,NA,NA,NA,NA,NA,NA,NA,NA,NA,NA,NA
4187,"Jerebko, Jonas",Jonas Jerebko,20170110,bos,tor,A,20170110-bos-tor,19.5,NA,NA,NA,NA,NA,NA,NA,NA,NA,NA,,NA,NA,3500,0,3000,0,5000,-300,10,0,4,4,34,4
3311,"Jefferson, Richard",Richard Jefferson,20170110,cle,uta,A,20170110-cle-uta,21,NA,NA,NA,NA,NA,NA,NA,NA,NA,NA,,NA,NA,3500,0,3000,-300,5000,0,10,0,3,34,23,3
4569,"Canaan, Isaiah",Isaiah Canaan,20170110,chi,was,A,20170110-chi-was,19,NA,NA,NA,NA,NA,NA,NA,NA,NA,NA,,NA,NA,3500,0,3000,0,5000,0,10,0,1,1,1,1
4209,"Casspi, Omri",Omri Casspi,20170110,sac,det,H,20170110-det-sac,22.5,NA,NA,NA,NA,NA,NA,NA,NA,NA,NA,,NA,NA,3800,0,3000,0,6700,-650,10,0,4,3,34,3
4701,"Ingles, Joe",Joe Ingles,20170110,uta,cle,H,20170110-cle-uta,21,NA,NA,NA,NA,NA,NA,NA,NA,NA,NA,,NA,NA,3800,-100,3500,-200,5300,-450,10,0,3,23,23,3
4285,"Hayward, Gordon",Gordon Hayward,20170110,uta,cle,H,20170110-cle-uta,21,NA,NA,NA,NA,NA,NA,NA,NA,NA,NA,,NA,NA,7200,0,7000,-100,13750,-1400,37,0,3,3,23,3
4317,"Stiemsma, Greg",Greg Stiemsma,20170110,por,lal,A,20170110-por-lal,22.5,NA,NA,NA,NA,NA,NA,NA,NA,NA,NA,,NA,NA,NA,NA,NA,NA,NA,NA,NA,NA,NA,NA,NA,NA
4085,"Anderson, Ryan",Ryan Anderson,20170110,hou,cha,H,20170110-cha-hou,20,NA,NA,NA,NA,NA,NA,NA,NA,NA,NA,,NA,NA,5200,-200,5100,-300,11200,500,19,0,4,4,45,4
4820,"Looney, Kevon",Kevon Looney,20170110,gsw,mia,H,20170110-mia-gsw,22.5,NA,NA,NA,NA,NA,NA,NA,NA,NA,NA,,NA,NA,3500,0,3000,0,5000,0,10,0,4,4,4,4
5007,"Andrews, Andrew",Andrew Andrews,20170110,cha,hou,A,20170110-cha-hou,20,NA,NA,NA,NA,NA,NA,NA,NA,NA,NA,,NA,NA,NA,NA,NA,NA,NA,NA,NA,NA,NA,NA,NA,NA
4623,"Gutierrez, Jorge",Jorge Gutierrez,20170110,bkn,atl,H,20170110-atl-bkn,19.5,NA,NA,NA,NA,NA,NA,NA,NA,NA,NA,,NA,NA,NA,NA,NA,NA,NA,NA,NA,NA,NA,NA,NA,NA
4547,"Sims, Henry",Henry Sims,20170110,uta,cle,H,20170110-cle-uta,21,NA,NA,NA,NA,NA,NA,NA,NA,NA,NA,,NA,NA,NA,NA,NA,NA,NA,NA,NA,NA,NA,NA,NA,NA
4824,"Mickey, Jordan",Jordan Mickey,20170110,bos,tor,A,20170110-bos-tor,19.5,NA,NA,NA,NA,NA,NA,NA,NA,NA,NA,,NA,NA,3500,0,3000,0,5000,0,10,0,4,4,4,4
4806,"Lyles, Trey",Trey Lyles,20170110,uta,cle,H,20170110-cle-uta,21,NA,NA,NA,NA,NA,NA,NA,NA,NA,NA,,NA,NA,3500,0,3100,0,6800,-350,10,0,4,4,4,4
4036,"Young, Nick",Nick Young,20170110,lal,por,H,20170110-por-lal,22.5,NA,NA,NA,NA,NA,NA,NA,NA,NA,NA,,NA,NA,4100,-300,4100,-300,7050,-750,16,0,2,2,23,2
3749,"Frye, Channing",Channing Frye,20170110,cle,uta,A,20170110-cle-uta,21,NA,NA,NA,NA,NA,NA,NA,NA,NA,NA,,NA,NA,3800,0,3600,-400,6350,-650,10,0,4,45,45,4
4619,"Bennett, Anthony",Anthony Bennett,20170110,bkn,atl,H,20170110-atl-bkn,19.5,NA,NA,NA,NA,NA,NA,NA,NA,NA,NA,,NA,NA,3500,0,NA,NA,5000,0,10,0,4,NA,34,3
4407,"Morris, Marcus",Marcus Morris,20170110,det,sac,A,20170110-det-sac,22.5,NA,NA,NA,NA,NA,NA,NA,NA,NA,NA,,NA,NA,4700,100,5000,800,10450,1450,18,0,3,3,34,3
4756,"Johnson, Tyler",Tyler Johnson,20170110,mia,gsw,A,20170110-mia-gsw,22.5,NA,NA,NA,NA,NA,NA,NA,NA,NA,NA,,NA,NA,6100,100,5500,100,10850,550,21,0,1,1,12,1
4670,"Eddie, Jarell",Jarell Eddie,20170110,was,chi,H,20170110-chi-was,19,NA,NA,NA,NA,NA,NA,NA,NA,NA,NA,,NA,NA,NA,NA,NA,NA,NA,NA,NA,NA,NA,NA,NA,NA
4811,"Connaughton, Pat",Pat Connaughton,20170110,por,lal,A,20170110-por-lal,22.5,NA,NA,NA,NA,NA,NA,NA,NA,NA,NA,,NA,NA,3500,0,3000,0,5000,0,10,0,2,3,23,2
4760,"Dinwiddie, Spencer",Spencer Dinwiddie,20170110,bkn,atl,H,20170110-atl-bkn,19.5,NA,NA,NA,NA,NA,NA,NA,NA,NA,NA,,NA,NA,3900,300,3500,200,5000,0,10,0,1,1,1,1
4911,"Lee, Damion",Damion Lee,20170110,bos,tor,A,20170110-bos-tor,19.5,NA,NA,NA,NA,NA,NA,NA,NA,NA,NA,,NA,NA,NA,NA,NA,NA,NA,NA,NA,NA,NA,NA,NA,NA
4898,"Weber, Briante",Briante Weber,20170110,mia,gsw,A,20170110-mia-gsw,22.5,NA,NA,NA,NA,NA,NA,NA,NA,NA,NA,,NA,NA,NA,NA,NA,NA,NA,NA,NA,NA,NA,NA,NA,NA
3860,"Aldridge, LaMarcus",LaMarcus Aldridge,20170110,sas,mil,H,20170110-mil-sas,20.5,NA,NA,NA,NA,NA,NA,NA,NA,NA,NA,,NA,NA,7700,-200,7000,-100,13200,0,33,2,4,45,45,4
4412,"Harris, Tobias",Tobias Harris,20170110,det,sac,A,20170110-det-sac,22.5,NA,NA,NA,NA,NA,NA,NA,NA,NA,NA,,NA,NA,6100,100,6300,200,12000,1650,25,0,4,34,34,3
4185,"Ellington, Wayne",Wayne Ellington,20170110,mia,gsw,A,20170110-mia-gsw,22.5,NA,NA,NA,NA,NA,NA,NA,NA,NA,NA,,NA,NA,3600,-200,3300,-100,6000,0,11,0,2,23,23,2
4827,"Roberts, Jaleel",Jaleel Roberts,20170110,mil,sas,A,20170110-mil-sas,20.5,NA,NA,NA,NA,NA,NA,NA,NA,NA,NA,,NA,NA,NA,NA,NA,NA,NA,NA,NA,NA,NA,NA,NA,NA
3640,"Humphries, Kris",Kris Humphries,20170110,atl,bkn,A,20170110-atl-bkn,19.5,NA,NA,NA,NA,NA,NA,NA,NA,NA,NA,,NA,NA,3500,0,3000,0,5000,0,10,0,4,45,45,4
4405,"Joseph, Cory",Cory Joseph,20170110,tor,bos,H,20170110-bos-tor,19.5,NA,NA,NA,NA,NA,NA,NA,NA,NA,NA,,NA,NA,3800,-100,3500,0,6550,-750,10,0,1,1,1,1
5004,"Poeltl, Jakob",Jakob Poeltl,20170110,tor,bos,H,20170110-bos-tor,19.5,NA,NA,NA,NA,NA,NA,NA,NA,NA,NA,,NA,NA,3500,0,3000,0,5000,0,10,0,5,5,5,5
4857,"Harrell, Montrezl",Montrezl Harrell,20170110,hou,cha,H,20170110-cha-hou,20,NA,NA,NA,NA,NA,NA,NA,NA,NA,NA,,NA,NA,5300,700,5300,100,5900,0,17,0,5,45,4,5
4828,"Oubre, Kelly",Kelly Oubre,20170110,was,chi,H,20170110-chi-was,19,NA,NA,NA,NA,NA,NA,NA,NA,NA,NA,,NA,NA,3700,200,4000,600,6300,-150,10,0,3,23,3,3
4173,"Curry, Stephen",Stephen Curry,20170110,gsw,mia,H,20170110-mia-gsw,22.5,NA,NA,NA,NA,NA,NA,NA,NA,NA,NA,,NA,NA,8800,-200,8700,-300,16650,-2800,40,0,1,1,12,1
4930,"Avila, J.J.",J.J. Avila,20170110,chi,was,A,20170110-chi-was,19,NA,NA,NA,NA,NA,NA,NA,NA,NA,NA,,NA,NA,NA,NA,NA,NA,NA,NA,NA,NA,NA,NA,NA,NA
3527,"Diaw, Boris",Boris Diaw,20170110,uta,cle,H,20170110-cle-uta,21,NA,NA,NA,NA,NA,NA,NA,NA,NA,NA,,NA,NA,3500,0,3000,0,5000,0,10,0,4,45,45,5
3544,"Jones, James",James Jones,20170110,cle,uta,A,20170110-cle-uta,21,NA,NA,NA,NA,NA,NA,NA,NA,NA,NA,,NA,NA,3500,0,3000,0,5000,0,10,0,2,2,23,2
4167,"Gibson, Taj",Taj Gibson,20170110,chi,was,A,20170110-chi-was,19,NA,NA,NA,NA,NA,NA,NA,NA,NA,NA,,NA,NA,4700,-100,4700,-200,9300,-300,18,0,4,45,45,4
4515,"Waiters, Dion",Dion Waiters,20170110,mia,gsw,A,20170110-mia-gsw,22.5,NA,NA,NA,NA,NA,NA,NA,NA,NA,NA,,NA,NA,4800,-200,3900,0,9950,150,16,-2,2,2,23,2
4234,"Beverley, Patrick",Patrick Beverley,20170110,hou,cha,H,20170110-cha-hou,20,NA,NA,NA,NA,NA,NA,NA,NA,NA,NA,,NA,NA,5900,-100,5600,-100,10950,350,18,0,1,1,12,1
3621,"Ariza, Trevor",Trevor Ariza,20170110,hou,cha,H,20170110-cha-hou,20,NA,NA,NA,NA,NA,NA,NA,NA,NA,NA,,NA,NA,5800,500,5700,100,11650,300,25,0,3,3,23,3
4489,"Drummond, Andre",Andre Drummond,20170110,det,sac,A,20170110-det-sac,22.5,NA,NA,NA,NA,NA,NA,NA,NA,NA,NA,,NA,NA,8400,600,7700,-100,16500,-400,31,2,5,5,45,5
4562,"Jones, Cameron",Cameron Jones,20170110,gsw,mia,H,20170110-mia-gsw,22.5,NA,NA,NA,NA,NA,NA,NA,NA,NA,NA,,NA,NA,NA,NA,NA,NA,NA,NA,NA,NA,NA,NA,NA,NA
4779,"Harrison, Aaron",Aaron Harrison,20170110,cha,hou,A,20170110-cha-hou,20,NA,NA,NA,NA,NA,NA,NA,NA,NA,NA,,NA,NA,3500,0,NA,NA,NA,NA,NA,NA,2,NA,NA,NA
4736,"Anderson, Kyle",Kyle Anderson,20170110,sas,mil,H,20170110-mil-sas,20.5,NA,NA,NA,NA,NA,NA,NA,NA,NA,NA,,NA,NA,3500,0,3000,0,5950,350,10,0,3,2,23,2
3858,"Foye, Randy",Randy Foye,20170110,bkn,atl,H,20170110-atl-bkn,19.5,NA,NA,NA,NA,NA,NA,NA,NA,NA,NA,,NA,NA,3500,0,3000,0,5000,0,10,0,2,1,12,2
4922,"Jovanovic, Nikola",Nikola Jovanovic,20170110,det,sac,A,20170110-det-sac,22.5,NA,NA,NA,NA,NA,NA,NA,NA,NA,NA,,NA,NA,NA,NA,NA,NA,NA,NA,NA,NA,NA,NA,NA,NA
3970,"Afflalo, Arron",Arron Afflalo,20170110,sac,det,H,20170110-det-sac,22.5,NA,NA,NA,NA,NA,NA,NA,NA,NA,NA,,NA,NA,3500,0,3000,0,5000,-400,10,0,2,2,23,2
4770,"Kilpatrick, Sean",Sean Kilpatrick,20170110,bkn,atl,H,20170110-atl-bkn,19.5,NA,NA,NA,NA,NA,NA,NA,NA,NA,NA,,NA,NA,4100,-200,4800,-500,9300,-750,19,0,2,2,12,2
4109,"Koufos, Kosta",Kosta Koufos,20170110,sac,det,H,20170110-det-sac,22.5,NA,NA,NA,NA,NA,NA,NA,NA,NA,NA,,NA,NA,3700,-100,3200,0,5700,-300,10,0,5,5,45,5
4800,"Holmes, Jonathan",Jonathan Holmes,20170110,cle,uta,A,20170110-cle-uta,21,NA,NA,NA,NA,NA,NA,NA,NA,NA,NA,,NA,NA,NA,NA,NA,NA,NA,NA,NA,NA,NA,NA,NA,NA
4024,"Splitter, Tiago",Tiago Splitter,20170110,atl,bkn,A,20170110-atl-bkn,19.5,NA,NA,NA,NA,NA,NA,NA,NA,NA,NA,,NA,NA,3500,0,3000,0,5000,0,10,0,5,5,5,5
4669,"McDermott, Doug",Doug McDermott,20170110,chi,was,A,20170110-chi-was,19,NA,NA,NA,NA,NA,NA,NA,NA,NA,NA,,NA,NA,4000,200,4400,600,6500,50,10,0,3,3,3,3
4995,"Forbes, Bryn",Bryn Forbes,20170110,sas,mil,H,20170110-mil-sas,20.5,NA,NA,NA,NA,NA,NA,NA,NA,NA,NA,,NA,NA,3500,0,3000,0,5000,0,10,0,2,1,1,1
4416,"Williams, Derrick",Derrick Williams,20170110,mia,gsw,A,20170110-mia-gsw,22.5,NA,NA,NA,NA,NA,NA,NA,NA,NA,NA,,NA,NA,3500,0,3000,0,6850,150,10,0,4,4,34,4
4504,"Green, Draymond",Draymond Green,20170110,gsw,mia,H,20170110-mia-gsw,22.5,NA,NA,NA,NA,NA,NA,NA,NA,NA,NA,,NA,NA,7900,-100,7800,300,16450,-1450,36,0,4,45,34,4
4787,"Winslow, Justise",Justise Winslow,20170110,mia,gsw,A,20170110-mia-gsw,22.5,NA,NA,NA,NA,NA,NA,NA,NA,NA,NA,,NA,NA,NA,NA,3000,-1000,9950,200,19,0,NA,4,34,3
4890,"Simmons, Jonathon",Jonathon Simmons,20170110,sas,mil,H,20170110-mil-sas,20.5,NA,NA,NA,NA,NA,NA,NA,NA,NA,NA,,NA,NA,3500,0,3400,-100,5250,250,10,0,3,23,23,3
4092,"Dragic, Goran",Goran Dragic,20170110,mia,gsw,A,20170110-mia-gsw,22.5,NA,NA,NA,NA,NA,NA,NA,NA,NA,NA,,NA,NA,6900,400,7100,300,14700,650,32,0,1,1,12,1
4938,"Prince, Taurean",Taurean Prince,20170110,atl,bkn,A,20170110-atl-bkn,19.5,NA,NA,NA,NA,NA,NA,NA,NA,NA,NA,,NA,NA,3500,0,3000,0,5000,0,10,0,3,3,3,3
4721,"O'Bryant, Johnny",Johnny O'Bryant,20170110,was,chi,H,20170110-chi-was,19,NA,NA,NA,NA,NA,NA,NA,NA,NA,NA,,NA,NA,NA,NA,NA,NA,NA,NA,NA,NA,NA,NA,NA,NA
4299,"Mozgov, Timofey",Timofey Mozgov,20170110,lal,por,H,20170110-por-lal,22.5,NA,NA,NA,NA,NA,NA,NA,NA,NA,NA,,NA,NA,3700,200,3200,100,7950,200,10,0,5,5,5,5
4807,"Neto, Raul",Raul Neto,20170110,uta,cle,H,20170110-cle-uta,21,NA,NA,NA,NA,NA,NA,NA,NA,NA,NA,,NA,NA,3500,0,3000,0,5000,0,10,0,1,1,1,1
4363,"Butler, Jimmy",Jimmy Butler,20170110,chi,was,A,20170110-chi-was,19,NA,NA,NA,NA,NA,NA,NA,NA,NA,NA,,NA,NA,9600,300,9500,600,18000,-100,44,0,3,23,23,3
4516,"Zeller, Tyler",Tyler Zeller,20170110,bos,tor,A,20170110-bos-tor,19.5,NA,NA,NA,NA,NA,NA,NA,NA,NA,NA,,NA,NA,3500,0,3000,0,5000,0,10,0,5,5,45,4
4531,"Nicholson, Andrew",Andrew Nicholson,20170110,was,chi,H,20170110-chi-was,19,NA,NA,NA,NA,NA,NA,NA,NA,NA,NA,,NA,NA,3500,0,3000,0,5000,0,10,0,4,5,4,5
3679,"Varejao, Anderson",Anderson Varejao,20170110,gsw,mia,H,20170110-mia-gsw,22.5,NA,NA,NA,NA,NA,NA,NA,NA,NA,NA,,NA,NA,3500,0,3000,0,5000,0,10,0,5,5,45,4
4955,"Jianlian, Yi",Yi Jianlian,20170110,lal,por,H,20170110-por-lal,22.5,NA,NA,NA,NA,NA,NA,NA,NA,NA,NA,,NA,NA,NA,NA,NA,NA,NA,NA,NA,NA,NA,NA,NA,NA
4915,"Zipser, Paul",Paul Zipser,20170110,chi,was,A,20170110-chi-was,19,NA,NA,NA,NA,NA,NA,NA,NA,NA,NA,,NA,NA,3500,0,3000,0,5000,0,10,0,3,3,3,3
4525,"Henson, John",John Henson,20170110,mil,sas,A,20170110-mil-sas,20.5,NA,NA,NA,NA,NA,NA,NA,NA,NA,NA,,NA,NA,3500,-200,3400,0,7650,-750,10,0,5,5,45,5
4873,"Grant, Jerian",Jerian Grant,20170110,chi,was,A,20170110-chi-was,19,NA,NA,NA,NA,NA,NA,NA,NA,NA,NA,,NA,NA,3600,0,3100,-400,5300,300,10,0,1,1,12,1
3397,"Andersen, Chris",Chris Andersen,20170110,cle,uta,A,20170110-cle-uta,21,NA,NA,NA,NA,NA,NA,NA,NA,NA,NA,,NA,NA,3500,0,3000,0,5000,0,10,0,5,5,45,4
4923,"Jackson, Demetrius",Demetrius Jackson,20170110,bos,tor,A,20170110-bos-tor,19.5,NA,NA,NA,NA,NA,NA,NA,NA,NA,NA,,NA,NA,3500,0,3000,0,5000,0,10,0,1,1,1,1
4935,"Maker, Thon",Thon Maker,20170110,mil,sas,A,20170110-mil-sas,20.5,NA,NA,NA,NA,NA,NA,NA,NA,NA,NA,,NA,NA,3500,0,3000,0,5000,0,10,0,4,4,4,4
3772,"Lee, David",David Lee,20170110,sas,mil,H,20170110-mil-sas,20.5,NA,NA,NA,NA,NA,NA,NA,NA,NA,NA,,NA,NA,3500,0,3600,0,6200,-50,10,0,4,4,45,4
4916,"House, Danuel",Danuel House,20170110,was,chi,H,20170110-chi-was,19,NA,NA,NA,NA,NA,NA,NA,NA,NA,NA,,NA,NA,3500,0,3000,0,5000,0,10,0,3,2,2,2
3553,"Pachulia, Zaza",Zaza Pachulia,20170110,gsw,mia,H,20170110-mia-gsw,22.5,NA,NA,NA,NA,NA,NA,NA,NA,NA,NA,,NA,NA,4000,200,3500,100,7450,-350,10,0,5,5,5,5
4688,"Heslip, Brady",Brady Heslip,20170110,tor,bos,H,20170110-bos-tor,19.5,NA,NA,NA,NA,NA,NA,NA,NA,NA,NA,,NA,NA,NA,NA,NA,NA,NA,NA,NA,NA,NA,NA,NA,NA
4960,"Fernandez, Vashil",Vashil Fernandez,20170110,mia,gsw,A,20170110-mia-gsw,22.5,NA,NA,NA,NA,NA,NA,NA,NA,NA,NA,,NA,NA,NA,NA,NA,NA,NA,NA,NA,NA,NA,NA,NA,NA
4274,"Cousins, DeMarcus",DeMarcus Cousins,20170110,sac,det,H,20170110-det-sac,22.5,NA,NA,NA,NA,NA,NA,NA,NA,NA,NA,,NA,NA,10700,-100,10100,-700,20950,-1000,56,0,5,45,45,4
4740,"Brown, Jabari",Jabari Brown,20170110,mil,sas,A,20170110-mil-sas,20.5,NA,NA,NA,NA,NA,NA,NA,NA,NA,NA,,NA,NA,NA,NA,NA,NA,NA,NA,NA,NA,NA,NA,NA,NA
4193,"Green, Danny",Danny Green,20170110,sas,mil,H,20170110-mil-sas,20.5,NA,NA,NA,NA,NA,NA,NA,NA,NA,NA,,NA,NA,3700,0,3900,0,8350,550,10,0,2,2,23,2
4114,"McGee, JaVale",JaVale McGee,20170110,gsw,mia,H,20170110-mia-gsw,22.5,NA,NA,NA,NA,NA,NA,NA,NA,NA,NA,,NA,NA,3500,0,3000,0,5000,0,10,0,5,5,5,5
5005,"Smith-Rivera, D'Vauntes",D'Vauntes Smith-Rivera,20170110,chi,was,A,20170110-chi-was,19,NA,NA,NA,NA,NA,NA,NA,NA,NA,NA,,NA,NA,NA,NA,NA,NA,NA,NA,NA,NA,NA,NA,NA,NA
4940,"Costello, Matt",Matt Costello,20170110,atl,bkn,A,20170110-atl-bkn,19.5,NA,NA,NA,NA,NA,NA,NA,NA,NA,NA,,NA,NA,NA,NA,NA,NA,NA,NA,NA,NA,NA,NA,NA,NA
3998,"Horford, Al",Al Horford,20170110,bos,tor,A,20170110-bos-tor,19.5,NA,NA,NA,NA,NA,NA,NA,NA,NA,NA,,NA,NA,7400,0,6700,0,13600,-2100,27,0,5,5,45,5
4494,"Beal, Bradley",Bradley Beal,20170110,was,chi,H,20170110-chi-was,19,NA,NA,NA,NA,NA,NA,NA,NA,NA,NA,,NA,NA,6900,0,6400,-200,12750,-750,28,0,2,2,2,2
3054,"Terry, Jason",Jason Terry,20170110,mil,sas,A,20170110-mil-sas,20.5,NA,NA,NA,NA,NA,NA,NA,NA,NA,NA,,NA,NA,3500,0,3000,0,5000,0,10,0,1,1,12,2
4677,"Smart, Marcus",Marcus Smart,20170110,bos,tor,A,20170110-bos-tor,19.5,NA,NA,NA,NA,NA,NA,NA,NA,NA,NA,,NA,NA,5200,500,5800,1300,9850,-850,18,2,1,23,1,2
3641,"Iguodala, Andre",Andre Iguodala,20170110,gsw,mia,H,20170110-mia-gsw,22.5,NA,NA,NA,NA,NA,NA,NA,NA,NA,NA,,NA,NA,3700,200,3600,200,7100,-700,10,0,3,3,23,3
3535,"Haslem, Udonis",Udonis Haslem,20170110,mia,gsw,A,20170110-mia-gsw,22.5,NA,NA,NA,NA,NA,NA,NA,NA,NA,NA,,NA,NA,3500,0,3000,0,5000,0,10,0,4,5,4,5
4979,"Labissiere, Skal",Skal Labissiere,20170110,sac,det,H,20170110-det-sac,22.5,NA,NA,NA,NA,NA,NA,NA,NA,NA,NA,,NA,NA,3500,0,3000,0,5000,0,10,0,4,4,45,4
4326,"Williams, Elliot",Elliot Williams,20170110,gsw,mia,H,20170110-mia-gsw,22.5,NA,NA,NA,NA,NA,NA,NA,NA,NA,NA,,NA,NA,NA,NA,NA,NA,NA,NA,NA,NA,NA,NA,NA,NA
3857,"Gay, Rudy",Rudy Gay,20170110,sac,det,H,20170110-det-sac,22.5,NA,NA,NA,NA,NA,NA,NA,NA,NA,NA,,NA,NA,7100,0,6500,400,12400,-1250,29,0,3,3,34,3
4023,"Smith, Jason",Jason Smith,20170110,was,chi,H,20170110-chi-was,19,NA,NA,NA,NA,NA,NA,NA,NA,NA,NA,,NA,NA,3500,-100,3000,0,5000,0,10,0,4,45,45,4
3543,"Jones, Dahntay",Dahntay Jones,20170110,cle,uta,A,20170110-cle-uta,21,NA,NA,NA,NA,NA,NA,NA,NA,NA,NA,,NA,NA,NA,NA,NA,NA,NA,NA,NA,NA,NA,NA,NA,NA
4595,"Schroder, Dennis",Dennis Schroder,20170110,atl,bkn,A,20170110-atl-bkn,19.5,NA,NA,NA,NA,NA,NA,NA,NA,NA,NA,,NA,NA,6900,-400,6700,200,14400,1000,27,0,1,1,1,1
4318,"Turner, Evan",Evan Turner,20170110,por,lal,A,20170110-por-lal,22.5,NA,NA,NA,NA,NA,NA,NA,NA,NA,NA,,NA,NA,4600,-100,4200,-900,10050,1600,13,0,3,23,23,3
3629,"Deng, Luol",Luol Deng,20170110,lal,por,H,20170110-por-lal,22.5,NA,NA,NA,NA,NA,NA,NA,NA,NA,NA,,NA,NA,4700,-100,4700,-100,8050,-700,18,0,3,3,34,3
4101,"Hibbert, Roy",Roy Hibbert,20170110,cha,hou,A,20170110-cha-hou,20,NA,NA,NA,NA,NA,NA,NA,NA,NA,NA,,NA,NA,3600,0,3000,0,6650,700,10,0,5,5,5,5
4074,"Love, Kevin",Kevin Love,20170110,cle,uta,A,20170110-cle-uta,21,NA,NA,NA,NA,NA,NA,NA,NA,NA,NA,,NA,NA,7900,-300,7600,-400,15050,-1650,40,-2,4,45,45,4
4280,"Favors, Derrick",Derrick Favors,20170110,uta,cle,H,20170110-cle-uta,21,NA,NA,NA,NA,NA,NA,NA,NA,NA,NA,,NA,NA,4500,200,5000,100,9350,-950,15,0,4,45,45,4
3474,"Barnes, Matt",Matt Barnes,20170110,sac,det,H,20170110-det-sac,22.5,NA,NA,NA,NA,NA,NA,NA,NA,NA,NA,,NA,NA,3700,-100,3900,0,7150,-700,10,0,3,34,23,3
4575,"Carter-Williams, Michael",Michael Carter-Williams,20170110,chi,was,A,20170110-chi-was,19,NA,NA,NA,NA,NA,NA,NA,NA,NA,NA,,NA,NA,4800,-200,4800,-200,6750,600,14,0,1,1,1,1
3521,"Bosh, Chris",Chris Bosh,20170110,mia,gsw,A,20170110-mia-gsw,22.5,NA,NA,NA,NA,NA,NA,NA,NA,NA,NA,,NA,NA,NA,NA,3000,0,5100,100,10,0,NA,4,45,4
4320,"Vasquez, Greivis",Greivis Vasquez,20170110,bkn,atl,H,20170110-atl-bkn,19.5,NA,NA,NA,NA,NA,NA,NA,NA,NA,NA,,NA,NA,3500,0,NA,NA,NA,NA,NA,NA,1,NA,NA,NA
4966,"Taylor, Isaiah",Isaiah Taylor,20170110,hou,cha,H,20170110-cha-hou,20,NA,NA,NA,NA,NA,NA,NA,NA,NA,NA,,NA,NA,NA,NA,NA,NA,NA,NA,NA,NA,NA,NA,NA,NA
3678,"Udrih, Beno",Beno Udrih,20170110,det,sac,A,20170110-det-sac,22.5,NA,NA,NA,NA,NA,NA,NA,NA,NA,NA,,NA,NA,3500,0,3000,0,5000,0,10,0,1,1,1,1
4561,"Crabbe, Allen",Allen Crabbe,20170110,por,lal,A,20170110-por-lal,22.5,NA,NA,NA,NA,NA,NA,NA,NA,NA,NA,,NA,NA,4200,200,4300,-100,8350,800,11,0,2,23,12,2
4648,"Kelly, Ryan",Ryan Kelly,20170110,atl,bkn,A,20170110-atl-bkn,19.5,NA,NA,NA,NA,NA,NA,NA,NA,NA,NA,,NA,NA,3500,0,NA,NA,NA,NA,NA,NA,3,NA,NA,NA
3313,"Parker, Tony",Tony Parker,20170110,sas,mil,H,20170110-mil-sas,20.5,NA,NA,NA,NA,NA,NA,NA,NA,NA,NA,,NA,NA,4700,-200,4700,-300,8000,100,13,2,1,1,1,1
4962,"Arcidiacono, Ryan",Ryan Arcidiacono,20170110,sas,mil,H,20170110-mil-sas,20.5,NA,NA,NA,NA,NA,NA,NA,NA,NA,NA,,NA,NA,NA,NA,NA,NA,NA,NA,NA,NA,NA,NA,NA,NA
3583,"Hamilton, Justin",Justin Hamilton,20170110,bkn,atl,H,20170110-atl-bkn,19.5,NA,NA,NA,NA,NA,NA,NA,NA,NA,NA,,NA,NA,4100,400,3500,100,6400,-500,10,0,5,45,45,4
4369,"Jackson, Reggie",Reggie Jackson,20170110,det,sac,A,20170110-det-sac,22.5,NA,NA,NA,NA,NA,NA,NA,NA,NA,NA,,NA,NA,7100,100,7200,500,12350,400,23,3,1,1,12,1
4589,"McLemore, Ben",Ben McLemore,20170110,sac,det,H,20170110-det-sac,22.5,NA,NA,NA,NA,NA,NA,NA,NA,NA,NA,,NA,NA,3500,0,3000,0,5000,0,10,0,2,2,2,2
4227,"Thornton, Marcus",Marcus Thornton,20170110,was,chi,H,20170110-chi-was,19,NA,NA,NA,NA,NA,NA,NA,NA,NA,NA,,NA,NA,3500,0,3000,0,5400,-150,10,0,2,3,23,2
4614,"Zeller, Cody",Cody Zeller,20170110,cha,hou,A,20170110-cha-hou,20,NA,NA,NA,NA,NA,NA,NA,NA,NA,NA,,NA,NA,4900,200,4500,300,9800,950,18,0,5,5,45,5
4997,"Layman, Jake",Jake Layman,20170110,por,lal,A,20170110-por-lal,22.5,NA,NA,NA,NA,NA,NA,NA,NA,NA,NA,,NA,NA,3500,0,3000,0,5000,0,10,0,4,4,4,4
4007,"McRoberts, Josh",Josh McRoberts,20170110,mia,gsw,A,20170110-mia-gsw,22.5,NA,NA,NA,NA,NA,NA,NA,NA,NA,NA,,NA,NA,NA,NA,3000,0,6500,200,10,0,NA,4,45,4
4714,"Wear, Travis",Travis Wear,20170110,lal,por,H,20170110-por-lal,22.5,NA,NA,NA,NA,NA,NA,NA,NA,NA,NA,,NA,NA,NA,NA,NA,NA,NA,NA,NA,NA,NA,NA,NA,NA
4199,"Temple, Garrett",Garrett Temple,20170110,sac,det,H,20170110-det-sac,22.5,NA,NA,NA,NA,NA,NA,NA,NA,NA,NA,,NA,NA,4300,0,4000,200,6600,-150,10,0,2,12,12,2
4549,"Ross, Terrence",Terrence Ross,20170110,tor,bos,H,20170110-bos-tor,19.5,NA,NA,NA,NA,NA,NA,NA,NA,NA,NA,,NA,NA,3900,-200,4000,100,7350,100,10,0,3,23,23,2
4680,"Randle, Julius",Julius Randle,20170110,lal,por,H,20170110-por-lal,22.5,NA,NA,NA,NA,NA,NA,NA,NA,NA,NA,,NA,NA,7200,-100,7400,400,12600,50,30,0,4,45,4,4
4809,"McCullough, Chris",Chris McCullough,20170110,bkn,atl,H,20170110-atl-bkn,19.5,NA,NA,NA,NA,NA,NA,NA,NA,NA,NA,,NA,NA,3500,0,3000,0,5000,0,10,0,4,4,4,4
4841,"Portis, Bobby",Bobby Portis,20170110,chi,was,A,20170110-chi-was,19,NA,NA,NA,NA,NA,NA,NA,NA,NA,NA,,NA,NA,3500,0,3000,0,5000,0,10,0,4,4,45,4
4865,"Patterson, Lamar",Lamar Patterson,20170110,sac,det,H,20170110-det-sac,22.5,NA,NA,NA,NA,NA,NA,NA,NA,NA,NA,,NA,NA,NA,NA,NA,NA,NA,NA,NA,NA,NA,NA,NA,NA
3021,"Ginobili, Manu",Manu Ginobili,20170110,sas,mil,H,20170110-mil-sas,20.5,NA,NA,NA,NA,NA,NA,NA,NA,NA,NA,,NA,NA,3900,-100,3800,0,7500,500,10,0,2,2,23,2
3573,"West, David",David West,20170110,gsw,mia,H,20170110-mia-gsw,22.5,NA,NA,NA,NA,NA,NA,NA,NA,NA,NA,,NA,NA,3500,0,3000,0,5500,-1050,10,0,4,4,4,4
4972,"Felder, Kay",Kay Felder,20170110,cle,uta,A,20170110-cle-uta,21,NA,NA,NA,NA,NA,NA,NA,NA,NA,NA,,NA,NA,3500,0,3000,-300,5000,-600,10,0,1,1,1,1
4654,"Bullock, Reggie",Reggie Bullock,20170110,det,sac,A,20170110-det-sac,22.5,NA,NA,NA,NA,NA,NA,NA,NA,NA,NA,,NA,NA,3500,0,3000,0,5000,0,10,0,2,3,23,2
4049,"Tolliver, Anthony",Anthony Tolliver,20170110,sac,det,H,20170110-det-sac,22.5,NA,NA,NA,NA,NA,NA,NA,NA,NA,NA,,NA,NA,3700,200,3300,0,5000,0,10,0,4,34,34,4
4984,"McClellan, Sheldon",Sheldon McClellan,20170110,was,chi,H,20170110-chi-was,19,NA,NA,NA,NA,NA,NA,NA,NA,NA,NA,,NA,NA,3500,0,3600,600,5000,0,10,0,2,2,2,2
4733,"Harris, Joe",Joe Harris,20170110,bkn,atl,H,20170110-atl-bkn,19.5,NA,NA,NA,NA,NA,NA,NA,NA,NA,NA,,NA,NA,3500,0,3200,0,6750,-300,10,0,2,3,2,3
4814,"Montero, Luis",Luis Montero,20170110,mia,gsw,A,20170110-mia-gsw,22.5,NA,NA,NA,NA,NA,NA,NA,NA,NA,NA,,NA,NA,NA,NA,NA,NA,NA,NA,NA,NA,NA,NA,NA,NA
4453,"Morris, Markieff",Markieff Morris,20170110,was,chi,H,20170110-chi-was,19,NA,NA,NA,NA,NA,NA,NA,NA,NA,NA,,NA,NA,5100,200,5600,600,11250,-250,18,0,4,34,34,4
4973,"Ochefu, Daniel",Daniel Ochefu,20170110,was,chi,H,20170110-chi-was,19,NA,NA,NA,NA,NA,NA,NA,NA,NA,NA,,NA,NA,3500,0,3000,0,5000,0,10,0,4,5,5,5
4965,"Ingram, Brandon",Brandon Ingram,20170110,lal,por,H,20170110-por-lal,22.5,NA,NA,NA,NA,NA,NA,NA,NA,NA,NA,,NA,NA,3800,100,4100,100,6750,-650,10,0,3,3,23,3
3777,"Mahinmi, Ian",Ian Mahinmi,20170110,was,chi,H,20170110-chi-was,19,NA,NA,NA,NA,NA,NA,NA,NA,NA,NA,,NA,NA,3900,0,3000,0,5000,0,10,0,5,5,5,5
3756,"Gortat, Marcin",Marcin Gortat,20170110,was,chi,H,20170110-chi-was,19,NA,NA,NA,NA,NA,NA,NA,NA,NA,NA,,NA,NA,6400,-200,5900,-500,13000,450,25,0,5,5,5,5
4653,"Porter, Otto",Otto Porter,20170110,was,chi,H,20170110-chi-was,19,NA,NA,NA,NA,NA,NA,NA,NA,NA,NA,,NA,NA,6000,0,6200,400,12150,-200,25,0,3,34,3,3
3996,"Hawes, Spencer",Spencer Hawes,20170110,cha,hou,A,20170110-cha-hou,20,NA,NA,NA,NA,NA,NA,NA,NA,NA,NA,,NA,NA,3800,0,3500,-500,5500,500,10,0,5,45,45,4
4436,"Benson, Keith",Keith Benson,20170110,mia,gsw,A,20170110-mia-gsw,22.5,NA,NA,NA,NA,NA,NA,NA,NA,NA,NA,,NA,NA,NA,NA,NA,NA,NA,NA,NA,NA,NA,NA,NA,NA
4991,"Ellis, Perry",Perry Ellis,20170110,cha,hou,A,20170110-cha-hou,20,NA,NA,NA,NA,NA,NA,NA,NA,NA,NA,,NA,NA,NA,NA,NA,NA,NA,NA,NA,NA,NA,NA,NA,NA
3768,"Johnson, Amir",Amir Johnson,20170110,bos,tor,A,20170110-bos-tor,19.5,NA,NA,NA,NA,NA,NA,NA,NA,NA,NA,,NA,NA,4100,100,4100,200,7050,-1000,11,0,4,45,45,4
4744,"Hood, Rodney",Rodney Hood,20170110,uta,cle,H,20170110-cle-uta,21,NA,NA,NA,NA,NA,NA,NA,NA,NA,NA,,NA,NA,4000,-200,4000,-300,9650,-1000,16,0,2,2,23,2
4075,"Lopez, Brook",Brook Lopez,20170110,bkn,atl,H,20170110-atl-bkn,19.5,NA,NA,NA,NA,NA,NA,NA,NA,NA,NA,,NA,NA,7000,0,6600,-300,14850,-1400,25,-2,5,5,5,5
4933,"Jones, Damian",Damian Jones,20170110,gsw,mia,H,20170110-mia-gsw,22.5,NA,NA,NA,NA,NA,NA,NA,NA,NA,NA,,NA,NA,3500,0,3000,0,5000,0,10,0,5,5,5,5
4324,"Whiteside, Hassan",Hassan Whiteside,20170110,mia,gsw,A,20170110-mia-gsw,22.5,NA,NA,NA,NA,NA,NA,NA,NA,NA,NA,,NA,NA,8200,-100,8000,0,17500,400,45,0,5,5,5,5
4905,"Moreira, Yanick",Yanick Moreira,20170110,tor,bos,H,20170110-bos-tor,19.5,NA,NA,NA,NA,NA,NA,NA,NA,NA,NA,,NA,NA,NA,NA,NA,NA,NA,NA,NA,NA,NA,NA,NA,NA
4929,"Siakam, Pascal",Pascal Siakam,20170110,tor,bos,H,20170110-bos-tor,19.5,NA,NA,NA,NA,NA,NA,NA,NA,NA,NA,,NA,NA,3500,0,3000,0,5000,0,10,0,4,4,4,4
4478,"Teletovic, Mirza",Mirza Teletovic,20170110,mil,sas,A,20170110-mil-sas,20.5,NA,NA,NA,NA,NA,NA,NA,NA,NA,NA,,NA,NA,3500,0,3600,500,6450,-1150,10,0,3,4,34,4
4996,"Georges-Hunt, Marcus",Marcus Georges-Hunt,20170110,bos,tor,A,20170110-bos-tor,19.5,NA,NA,NA,NA,NA,NA,NA,NA,NA,NA,,NA,NA,NA,NA,NA,NA,NA,NA,NA,NA,NA,NA,NA,NA
5013,"Brogdon, Malcolm",Malcolm Brogdon,20170110,mil,sas,A,20170110-mil-sas,20.5,NA,NA,NA,NA,NA,NA,NA,NA,NA,NA,,NA,NA,4800,200,5400,-200,5800,-500,16,0,1,12,12,2
4380,"Thompson, Tristan",Tristan Thompson,20170110,cle,uta,A,20170110-cle-uta,21,NA,NA,NA,NA,NA,NA,NA,NA,NA,NA,,NA,NA,4900,0,4600,-400,9250,-950,18,0,5,5,45,5
3766,"Jack, Jarrett",Jarrett Jack,20170110,atl,bkn,A,20170110-atl-bkn,19.5,NA,NA,NA,NA,NA,NA,NA,NA,NA,NA,,NA,NA,NA,NA,NA,NA,NA,NA,NA,NA,NA,NA,NA,NA
4664,"Jerrett, Grant",Grant Jerrett,20170110,por,lal,A,20170110-por-lal,22.5,NA,NA,NA,NA,NA,NA,NA,NA,NA,NA,,NA,NA,NA,NA,NA,NA,NA,NA,NA,NA,NA,NA,NA,NA
3547,"Korver, Kyle",Kyle Korver,20170110,cle,uta,A,20170110-cle-uta,21,NA,NA,NA,NA,NA,NA,NA,NA,NA,NA,,NA,NA,4200,0,4500,-200,6650,-600,11,0,2,23,23,2
4778,"Kaminsky, Frank",Frank Kaminsky,20170110,cha,hou,A,20170110-cha-hou,20,NA,NA,NA,NA,NA,NA,NA,NA,NA,NA,,NA,NA,3900,0,3900,-200,8000,750,13,0,4,4,45,4
4856,"Dekker, Sam",Sam Dekker,20170110,hou,cha,H,20170110-cha-hou,20,NA,NA,NA,NA,NA,NA,NA,NA,NA,NA,,NA,NA,3500,0,3300,-100,6050,150,10,0,3,34,34,3
4530,"Harkless, Maurice",Maurice Harkless,20170110,por,lal,A,20170110-por-lal,22.5,NA,NA,NA,NA,NA,NA,NA,NA,NA,NA,,NA,NA,4500,-200,4300,-500,9400,1500,17,0,3,3,3,3
4675,"McDaniels, K.J.",K.J. McDaniels,20170110,hou,cha,H,20170110-cha-hou,20,NA,NA,NA,NA,NA,NA,NA,NA,NA,NA,,NA,NA,3500,0,3000,0,5000,0,10,0,2,3,3,3
4297,"Lin, Jeremy",Jeremy Lin,20170110,bkn,atl,H,20170110-atl-bkn,19.5,NA,NA,NA,NA,NA,NA,NA,NA,NA,NA,,NA,NA,6300,0,5100,0,12450,-850,23,0,1,1,12,1
4668,"Clarkson, Jordan",Jordan Clarkson,20170110,lal,por,H,20170110-por-lal,22.5,NA,NA,NA,NA,NA,NA,NA,NA,NA,NA,,NA,NA,4300,0,4000,-300,10600,300,13,0,1,12,12,1
3740,"Calderon, Jose",Jose Calderon,20170110,lal,por,H,20170110-por-lal,22.5,NA,NA,NA,NA,NA,NA,NA,NA,NA,NA,,NA,NA,3500,0,3000,0,5000,0,10,0,1,1,1,1
4823,"Rozier, Terry",Terry Rozier,20170110,bos,tor,A,20170110-bos-tor,19.5,NA,NA,NA,NA,NA,NA,NA,NA,NA,NA,,NA,NA,3500,0,3000,0,5100,-650,10,0,1,1,1,1
4404,"Leonard, Kawhi",Kawhi Leonard,20170110,sas,mil,H,20170110-mil-sas,20.5,NA,NA,NA,NA,NA,NA,NA,NA,NA,NA,,NA,NA,8300,-200,7900,-200,18000,1100,40,0,3,3,23,3
4440,"Walker, Kemba",Kemba Walker,20170110,cha,hou,A,20170110-cha-hou,20,NA,NA,NA,NA,NA,NA,NA,NA,NA,NA,,NA,NA,8300,700,8000,100,16000,1050,38,0,1,1,1,1
3669,"Smith, J.R.",J.R. Smith,20170110,cle,uta,A,20170110-cle-uta,21,NA,NA,NA,NA,NA,NA,NA,NA,NA,NA,,NA,NA,3500,0,3500,0,7150,-1250,15,0,2,2,23,2
4488,"Scott, Mike",Mike Scott,20170110,atl,bkn,A,20170110-atl-bkn,19.5,NA,NA,NA,NA,NA,NA,NA,NA,NA,NA,,NA,NA,3500,0,3000,0,5000,0,10,0,3,4,4,4
3308,"Gasol, Pau",Pau Gasol,20170110,sas,mil,H,20170110-mil-sas,20.5,NA,NA,NA,NA,NA,NA,NA,NA,NA,NA,,NA,NA,6400,-200,5600,-200,13100,0,21,0,5,5,45,5
3639,"Howard, Dwight",Dwight Howard,20170110,atl,bkn,A,20170110-atl-bkn,19.5,NA,NA,NA,NA,NA,NA,NA,NA,NA,NA,,NA,NA,7600,100,7500,500,15050,350,29,-2,5,5,45,5
4799,"Russell, D'Angelo",D'Angelo Russell,20170110,lal,por,H,20170110-por-lal,22.5,NA,NA,NA,NA,NA,NA,NA,NA,NA,NA,,NA,NA,6700,-100,6900,400,13050,500,24,0,1,1,1,1
4976,"Payton, Gary",Gary Payton,20170110,hou,cha,H,20170110-cha-hou,20,NA,NA,NA,NA,NA,NA,NA,NA,NA,NA,,NA,NA,NA,NA,NA,NA,NA,NA,NA,NA,NA,NA,NA,NA
4523,"Lillard, Damian",Damian Lillard,20170110,por,lal,A,20170110-por-lal,22.5,NA,NA,NA,NA,NA,NA,NA,NA,NA,NA,,NA,NA,8900,-200,9000,1000,19900,1850,41,0,1,1,1,1
4245,"Mills, Patty",Patty Mills,20170110,sas,mil,H,20170110-mil-sas,20.5,NA,NA,NA,NA,NA,NA,NA,NA,NA,NA,,NA,NA,3700,100,3600,-100,7850,50,11,-2,1,1,1,1
3408,"Hilario, Nene",Nene Hilario,20170110,hou,cha,H,20170110-cha-hou,20,NA,NA,NA,NA,NA,NA,NA,NA,NA,NA,,NA,NA,3600,-100,3300,-100,6900,300,10,0,5,5,45,5
4503,"Ezeli, Festus",Festus Ezeli,20170110,por,lal,A,20170110-por-lal,22.5,NA,NA,NA,NA,NA,NA,NA,NA,NA,NA,,NA,NA,3500,0,3000,0,5000,0,10,0,5,5,5,5
4934,"VanVleet, Fred",Fred VanVleet,20170110,tor,bos,H,20170110-bos-tor,19.5,NA,NA,NA,NA,NA,NA,NA,NA,NA,NA,,NA,NA,3500,0,3000,0,5000,0,10,0,1,1,1,1
4497,"Valanciunas, Jonas",Jonas Valanciunas,20170110,tor,bos,H,20170110-bos-tor,19.5,NA,NA,NA,NA,NA,NA,NA,NA,NA,NA,,NA,NA,5100,-200,5200,-200,12450,-350,18,0,5,5,5,5
4276,"Davis, Ed",Ed Davis,20170110,por,lal,A,20170110-por-lal,22.5,NA,NA,NA,NA,NA,NA,NA,NA,NA,NA,,NA,NA,3500,0,3000,0,6700,550,10,0,4,5,45,5
4020,"Sessions, Ramon",Ramon Sessions,20170110,cha,hou,A,20170110-cha-hou,20,NA,NA,NA,NA,NA,NA,NA,NA,NA,NA,,NA,NA,3500,0,3400,0,5550,350,10,0,1,1,12,1
4264,"Babbitt, Luke",Luke Babbitt,20170110,mia,gsw,A,20170110-mia-gsw,22.5,NA,NA,NA,NA,NA,NA,NA,NA,NA,NA,,NA,NA,3500,0,3000,0,5000,0,10,0,3,4,3,4
4803,"Huertas, Marcelo",Marcelo Huertas,20170110,lal,por,H,20170110-por-lal,22.5,NA,NA,NA,NA,NA,NA,NA,NA,NA,NA,,NA,NA,3500,0,3000,0,5000,0,10,0,1,1,1,1
4542,"Plumlee, Miles",Miles Plumlee,20170110,mil,sas,A,20170110-mil-sas,20.5,NA,NA,NA,NA,NA,NA,NA,NA,NA,NA,,NA,NA,3500,0,3000,0,5000,0,10,0,5,5,45,5
5003,"Tobey, Mike",Mike Tobey,20170110,cha,hou,A,20170110-cha-hou,20,NA,NA,NA,NA,NA,NA,NA,NA,NA,NA,,NA,NA,NA,NA,NA,NA,NA,NA,NA,NA,NA,NA,NA,NA
4924,"Zubac, Ivica",Ivica Zubac,20170110,lal,por,H,20170110-por-lal,22.5,NA,NA,NA,NA,NA,NA,NA,NA,NA,NA,,NA,NA,3500,0,3000,0,5000,0,10,0,5,5,5,5
5001,"Bembry, DeAndre",DeAndre Bembry,20170110,atl,bkn,A,20170110-atl-bkn,19.5,NA,NA,NA,NA,NA,NA,NA,NA,NA,NA,,NA,NA,3500,0,3000,0,5000,0,10,0,3,3,3,3
4947,"Gbinije, Michael",Michael Gbinije,20170110,det,sac,A,20170110-det-sac,22.5,NA,NA,NA,NA,NA,NA,NA,NA,NA,NA,,NA,NA,3500,0,3000,0,5000,0,10,0,2,3,3,3
4834,"Wood, Christian",Christian Wood,20170110,cha,hou,A,20170110-cha-hou,20,NA,NA,NA,NA,NA,NA,NA,NA,NA,NA,,NA,NA,3500,0,3000,0,5000,0,10,0,4,4,45,4
4615,"Burke, Trey",Trey Burke,20170110,was,chi,H,20170110-chi-was,19,NA,NA,NA,NA,NA,NA,NA,NA,NA,NA,,NA,NA,3500,0,3000,0,5000,0,10,0,1,1,1,1
4555,"Johnson, Chris",Chris Johnson,20170110,uta,cle,H,20170110-cle-uta,21,NA,NA,NA,NA,NA,NA,NA,NA,NA,NA,,NA,NA,NA,NA,NA,NA,NA,NA,NA,NA,NA,NA,NA,NA
4839,"Hilliard, Darrun",Darrun Hilliard,20170110,det,sac,A,20170110-det-sac,22.5,NA,NA,NA,NA,NA,NA,NA,NA,NA,NA,,NA,NA,3500,0,3000,0,5000,0,10,0,2,2,2,2
4992,"LeVert, Caris",Caris LeVert,20170110,bkn,atl,H,20170110-atl-bkn,19.5,NA,NA,NA,NA,NA,NA,NA,NA,NA,NA,,NA,NA,3600,-100,3400,100,5900,50,10,0,3,23,2,2
4441,"Burks, Alec",Alec Burks,20170110,uta,cle,H,20170110-cle-uta,21,NA,NA,NA,NA,NA,NA,NA,NA,NA,NA,,NA,NA,3700,-200,3000,0,5000,0,10,-1,2,2,12,2
4621,"Antetokounmpo, Giannis",Giannis Antetokounmpo,20170110,mil,sas,A,20170110-mil-sas,20.5,NA,NA,NA,NA,NA,NA,NA,NA,NA,NA,,NA,NA,10100,-700,9700,-1000,18100,-3250,54,1,2,1,3,1
4700,"McAdoo, James Michael",James Michael McAdoo,20170110,gsw,mia,H,20170110-mia-gsw,22.5,NA,NA,NA,NA,NA,NA,NA,NA,NA,NA,,NA,NA,3500,0,3000,0,5000,0,10,0,4,4,4,4
3910,"Farmar, Jordan",Jordan Farmar,20170110,sac,det,H,20170110-det-sac,22.5,NA,NA,NA,NA,NA,NA,NA,NA,NA,NA,,NA,NA,3700,-100,NA,NA,NA,NA,NA,NA,1,NA,NA,NA
3001,"Peace, Metta World",Metta World Peace,20170110,lal,por,H,20170110-por-lal,22.5,NA,NA,NA,NA,NA,NA,NA,NA,NA,NA,,NA,NA,3500,0,3000,0,5000,0,10,0,3,3,34,3
4989,"Bertans, Davis",Davis Bertans,20170110,sas,mil,H,20170110-mil-sas,20.5,NA,NA,NA,NA,NA,NA,NA,NA,NA,NA,,NA,NA,3700,200,3000,0,5000,0,10,0,3,34,3,3
4690,"Bairstow, Cameron",Cameron Bairstow,20170110,chi,was,A,20170110-chi-was,19,NA,NA,NA,NA,NA,NA,NA,NA,NA,NA,,NA,NA,NA,NA,NA,NA,NA,NA,NA,NA,NA,NA,NA,NA
4631,"Pressey, Phil",Phil Pressey,20170110,gsw,mia,H,20170110-mia-gsw,22.5,NA,NA,NA,NA,NA,NA,NA,NA,NA,NA,,NA,NA,NA,NA,NA,NA,NA,NA,NA,NA,NA,NA,NA,NA
4583,"Olynyk, Kelly",Kelly Olynyk,20170110,bos,tor,A,20170110-bos-tor,19.5,NA,NA,NA,NA,NA,NA,NA,NA,NA,NA,,NA,NA,3700,100,3500,100,7900,-1200,10,0,5,45,5,4
4919,"Walkup, Thomas",Thomas Walkup,20170110,chi,was,A,20170110-chi-was,19,NA,NA,NA,NA,NA,NA,NA,NA,NA,NA,,NA,NA,NA,NA,NA,NA,NA,NA,NA,NA,NA,NA,NA,NA
4077,"Gordon, Eric",Eric Gordon,20170110,hou,cha,H,20170110-cha-hou,20,NA,NA,NA,NA,NA,NA,NA,NA,NA,NA,,NA,NA,5900,0,5900,0,11600,650,22,0,2,2,2,2
4978,"Bolomboy, Joel",Joel Bolomboy,20170110,uta,cle,H,20170110-cle-uta,21,NA,NA,NA,NA,NA,NA,NA,NA,NA,NA,,NA,NA,3500,0,3000,0,5000,0,10,0,4,4,4,4
3974,"Belinelli, Marco",Marco Belinelli,20170110,cha,hou,A,20170110-cha-hou,20,NA,NA,NA,NA,NA,NA,NA,NA,NA,NA,,NA,NA,4000,100,3800,0,8350,1900,10,0,2,2,23,2
3739,"Bynum, Will",Will Bynum,20170110,atl,bkn,A,20170110-atl-bkn,19.5,NA,NA,NA,NA,NA,NA,NA,NA,NA,NA,,NA,NA,NA,NA,NA,NA,NA,NA,NA,NA,NA,NA,NA,NA
4900,"Holland, John",John Holland,20170110,cle,uta,A,20170110-cle-uta,21,NA,NA,NA,NA,NA,NA,NA,NA,NA,NA,,NA,NA,NA,NA,NA,NA,NA,NA,NA,NA,NA,NA,NA,NA
4490,"Middleton, Khris",Khris Middleton,20170110,mil,sas,A,20170110-mil-sas,20.5,NA,NA,NA,NA,NA,NA,NA,NA,NA,NA,,NA,NA,4500,NA,3000,0,5000,-250,10,0,2,2,23,2
4267,"Booker, Trevor",Trevor Booker,20170110,bkn,atl,H,20170110-atl-bkn,19.5,NA,NA,NA,NA,NA,NA,NA,NA,NA,NA,,NA,NA,5400,-100,5600,-400,11450,-600,22,0,4,4,4,4
4659,"Muscala, Mike",Mike Muscala,20170110,atl,bkn,A,20170110-atl-bkn,19.5,NA,NA,NA,NA,NA,NA,NA,NA,NA,NA,,NA,NA,3600,0,3200,0,6900,200,10,0,4,45,45,4
4579,"Reed, Willie",Willie Reed,20170110,mia,gsw,A,20170110-mia-gsw,22.5,NA,NA,NA,NA,NA,NA,NA,NA,NA,NA,,NA,NA,4500,0,4400,-600,6250,350,12,0,5,5,45,5
4509,"Robinson, Thomas",Thomas Robinson,20170110,lal,por,H,20170110-por-lal,22.5,NA,NA,NA,NA,NA,NA,NA,NA,NA,NA,,NA,NA,3900,-100,3400,0,6650,250,10,0,4,4,45,4
4411,"Leuer, Jon",Jon Leuer,20170110,det,sac,A,20170110-det-sac,22.5,NA,NA,NA,NA,NA,NA,NA,NA,NA,NA,,NA,NA,4400,-400,4800,0,8850,-200,17,0,4,4,45,4
3891,"Lowry, Kyle",Kyle Lowry,20170110,tor,bos,H,20170110-bos-tor,19.5,NA,NA,NA,NA,NA,NA,NA,NA,NA,NA,,NA,NA,8800,200,8200,-100,15950,-1750,40,0,1,1,1,1
4611,"Clark, Ian",Ian Clark,20170110,gsw,mia,H,20170110-mia-gsw,22.5,NA,NA,NA,NA,NA,NA,NA,NA,NA,NA,,NA,NA,3500,0,3000,0,5000,0,10,0,2,12,12,2
4367,"Thompson, Klay",Klay Thompson,20170110,gsw,mia,H,20170110-mia-gsw,22.5,NA,NA,NA,NA,NA,NA,NA,NA,NA,NA,,NA,NA,6400,-300,6500,100,12500,-1100,29,0,2,2,23,2
5010,"Onuaku, Chinanu",Chinanu Onuaku,20170110,hou,cha,H,20170110-cha-hou,20,NA,NA,NA,NA,NA,NA,NA,NA,NA,NA,,NA,NA,3500,0,3000,0,5000,0,10,0,5,5,5,5
4927,"Sulaimon, Rasheed",Rasheed Sulaimon,20170110,cha,hou,A,20170110-cha-hou,20,NA,NA,NA,NA,NA,NA,NA,NA,NA,NA,,NA,NA,NA,NA,NA,NA,NA,NA,NA,NA,NA,NA,NA,NA
4910,"Cousins, Isaiah",Isaiah Cousins,20170110,sac,det,H,20170110-det-sac,22.5,NA,NA,NA,NA,NA,NA,NA,NA,NA,NA,,NA,NA,NA,NA,NA,NA,NA,NA,NA,NA,NA,NA,NA,NA
4708,"Caboclo, Bruno",Bruno Caboclo,20170110,tor,bos,H,20170110-bos-tor,19.5,NA,NA,NA,NA,NA,NA,NA,NA,NA,NA,,NA,NA,3500,0,3000,0,5000,0,10,0,3,3,3,3
4975,"Magette, Josh",Josh Magette,20170110,atl,bkn,A,20170110-atl-bkn,19.5,NA,NA,NA,NA,NA,NA,NA,NA,NA,NA,,NA,NA,NA,NA,NA,NA,NA,NA,NA,NA,NA,NA,NA,NA
4846,"Vaughn, Rashad",Rashad Vaughn,20170110,mil,sas,A,20170110-mil-sas,20.5,NA,NA,NA,NA,NA,NA,NA,NA,NA,NA,,NA,NA,3500,0,3000,0,6400,0,10,0,2,2,23,2
4571,"Snell, Tony",Tony Snell,20170110,mil,sas,A,20170110-mil-sas,20.5,NA,NA,NA,NA,NA,NA,NA,NA,NA,NA,,NA,NA,3500,-100,3400,0,5300,-950,10,0,3,23,23,3
4298,"Monroe, Greg",Greg Monroe,20170110,mil,sas,A,20170110-mil-sas,20.5,NA,NA,NA,NA,NA,NA,NA,NA,NA,NA,,NA,NA,6000,-100,6100,0,9350,-850,17,1,5,5,45,5
4804,"Graham, Treveon",Treveon Graham,20170110,cha,hou,A,20170110-cha-hou,20,NA,NA,NA,NA,NA,NA,NA,NA,NA,NA,,NA,NA,3500,0,3000,0,5000,0,10,0,3,3,23,2
4682,"Mirotic, Nikola",Nikola Mirotic,20170110,chi,was,A,20170110-chi-was,19,NA,NA,NA,NA,NA,NA,NA,NA,NA,NA,,NA,NA,4500,100,4900,400,9600,-50,14,0,4,34,34,4
4607,"Plumlee, Mason",Mason Plumlee,20170110,por,lal,A,20170110-por-lal,22.5,NA,NA,NA,NA,NA,NA,NA,NA,NA,NA,,NA,NA,6700,200,6100,200,12250,950,22,1,5,5,45,5
4792,"Powell, Norman",Norman Powell,20170110,tor,bos,H,20170110-bos-tor,19.5,NA,NA,NA,NA,NA,NA,NA,NA,NA,NA,,NA,NA,3500,0,3800,-400,6300,50,10,0,2,23,23,3
3760,"Green, Gerald",Gerald Green,20170110,bos,tor,A,20170110-bos-tor,19.5,NA,NA,NA,NA,NA,NA,NA,NA,NA,NA,,NA,NA,3500,0,3000,0,5000,0,10,0,2,2,23,2
4679,"Young, James",James Young,20170110,bos,tor,A,20170110-bos-tor,19.5,NA,NA,NA,NA,NA,NA,NA,NA,NA,NA,,NA,NA,3500,0,3000,0,5000,0,10,0,3,2,2,2
4639,"Singler, E.J.",E.J. Singler,20170110,tor,bos,H,20170110-bos-tor,19.5,NA,NA,NA,NA,NA,NA,NA,NA,NA,NA,,NA,NA,NA,NA,NA,NA,NA,NA,NA,NA,NA,NA,NA,NA
5009,"Ellenson, Henry",Henry Ellenson,20170110,det,sac,A,20170110-det-sac,22.5,NA,NA,NA,NA,NA,NA,NA,NA,NA,NA,,NA,NA,3500,0,3000,0,5000,0,10,0,4,4,4,4
4998,"Mockevicius, Egidijus",Egidijus Mockevicius,20170110,bkn,atl,H,20170110-atl-bkn,19.5,NA,NA,NA,NA,NA,NA,NA,NA,NA,NA,,NA,NA,NA,NA,NA,NA,NA,NA,NA,NA,NA,NA,NA,NA
4472,"Crowder, Jae",Jae Crowder,20170110,bos,tor,A,20170110-bos-tor,19.5,NA,NA,NA,NA,NA,NA,NA,NA,NA,NA,,NA,NA,5000,-300,5200,-100,10850,-1100,21,0,3,3,34,3
3817,"Williams, Marvin",Marvin Williams,20170110,cha,hou,A,20170110-cha-hou,20,NA,NA,NA,NA,NA,NA,NA,NA,NA,NA,,NA,NA,4600,200,4800,200,10500,2550,15,0,4,4,34,4
4586,"McCallum, Ray",Ray McCallum,20170110,det,sac,A,20170110-det-sac,22.5,NA,NA,NA,NA,NA,NA,NA,NA,NA,NA,,NA,NA,NA,NA,NA,NA,NA,NA,NA,NA,NA,NA,NA,NA
3651,"Livingston, Shaun",Shaun Livingston,20170110,gsw,mia,H,20170110-mia-gsw,22.5,NA,NA,NA,NA,NA,NA,NA,NA,NA,NA,,NA,NA,3500,0,3500,-100,5000,-500,10,0,1,1,12,1
4931,"Quarterman, Tim",Tim Quarterman,20170110,por,lal,A,20170110-por-lal,22.5,NA,NA,NA,NA,NA,NA,NA,NA,NA,NA,,NA,NA,3500,0,3000,0,5000,0,10,0,1,1,1,1
3904,"Millsap, Paul",Paul Millsap,20170110,atl,bkn,A,20170110-atl-bkn,19.5,NA,NA,NA,NA,NA,NA,NA,NA,NA,NA,,NA,NA,8100,0,7800,300,16500,400,36,0,4,4,45,4
4791,"Wright, Delon",Delon Wright,20170110,tor,bos,H,20170110-bos-tor,19.5,NA,NA,NA,NA,NA,NA,NA,NA,NA,NA,,NA,NA,3500,0,3000,0,5000,0,10,0,1,1,1,1
4532,"Kidd-Gilchrist, Michael",Michael Kidd-Gilchrist,20170110,cha,hou,A,20170110-cha-hou,20,NA,NA,NA,NA,NA,NA,NA,NA,NA,NA,,NA,NA,4800,300,5000,300,11000,2650,17,0,3,3,3,3
4565,"Withey, Jeff",Jeff Withey,20170110,uta,cle,H,20170110-cle-uta,21,NA,NA,NA,NA,NA,NA,NA,NA,NA,NA,,NA,NA,3500,0,3000,0,5000,0,10,0,5,5,5,5
4203,"Carroll, DeMarre",DeMarre Carroll,20170110,tor,bos,H,20170110-bos-tor,19.5,NA,NA,NA,NA,NA,NA,NA,NA,NA,NA,,NA,NA,3800,300,4200,400,9150,100,11,0,3,34,34,3
4691,"Black, Tarik",Tarik Black,20170110,lal,por,H,20170110-por-lal,22.5,NA,NA,NA,NA,NA,NA,NA,NA,NA,NA,,NA,NA,3600,-100,3000,0,6050,250,10,0,4,5,45,5
4967,"Delaney, Malcolm",Malcolm Delaney,20170110,atl,bkn,A,20170110-atl-bkn,19.5,NA,NA,NA,NA,NA,NA,NA,NA,NA,NA,,NA,NA,3500,-200,3000,0,5200,200,10,0,1,1,2,1
4707,"Exum, Dante",Dante Exum,20170110,uta,cle,H,20170110-cle-uta,21,NA,NA,NA,NA,NA,NA,NA,NA,NA,NA,,NA,NA,3500,0,3000,0,6500,-350,10,0,1,1,12,1
4832,"McRae, Jordan",Jordan McRae,20170110,cle,uta,A,20170110-cle-uta,21,NA,NA,NA,NA,NA,NA,NA,NA,NA,NA,,NA,NA,3600,0,3400,-500,5000,0,10,-1,2,2,12,2
4521,"Leonard, Meyers",Meyers Leonard,20170110,por,lal,A,20170110-por-lal,22.5,NA,NA,NA,NA,NA,NA,NA,NA,NA,NA,,NA,NA,3500,0,3000,-100,6500,500,10,0,4,45,45,5
4420,"Thomas, Isaiah",Isaiah Thomas,20170110,bos,tor,A,20170110-bos-tor,19.5,NA,NA,NA,NA,NA,NA,NA,NA,NA,NA,,NA,NA,8900,-400,9100,600,15100,-1650,42,3,1,1,1,1
4903,"Jean-Charles, Livio",Livio Jean-Charles,20170110,sas,mil,H,20170110-mil-sas,20.5,NA,NA,NA,NA,NA,NA,NA,NA,NA,NA,,NA,NA,NA,NA,NA,NA,NA,NA,NA,NA,NA,NA,NA,NA
4616,"Caldwell-Pope, Kentavious",Kentavious Caldwell-Pope,20170110,det,sac,A,20170110-det-sac,22.5,NA,NA,NA,NA,NA,NA,NA,NA,NA,NA,,NA,NA,5700,200,5600,-200,10800,750,21,2,2,2,2,2
4694,"Napier, Shabazz",Shabazz Napier,20170110,por,lal,A,20170110-por-lal,22.5,NA,NA,NA,NA,NA,NA,NA,NA,NA,NA,,NA,NA,3500,0,3000,0,5000,0,10,0,1,1,1,1
5017,"Brown, Jaylen",Jaylen Brown,20170110,bos,tor,A,20170110-bos-tor,19.5,NA,NA,NA,NA,NA,NA,NA,NA,NA,NA,,NA,NA,3500,0,3000,0,5000,-150,10,0,3,3,3,3
4798,"Nance, Larry",Larry Nance,20170110,lal,por,H,20170110-por-lal,22.5,NA,NA,NA,NA,NA,NA,NA,NA,NA,NA,,NA,NA,4000,0,3500,0,7950,0,10,0,4,34,4,4
4556,"Baynes, Aron",Aron Baynes,20170110,det,sac,A,20170110-det-sac,22.5,NA,NA,NA,NA,NA,NA,NA,NA,NA,NA,,NA,NA,3500,0,3800,0,5050,-100,10,0,5,5,5,5
4970,"Ferrell, Yogi",Yogi Ferrell,20170110,bkn,atl,H,20170110-atl-bkn,19.5,NA,NA,NA,NA,NA,NA,NA,NA,NA,NA,,NA,NA,3500,0,NA,NA,NA,NA,NA,NA,1,NA,NA,NA
4650,"McGruder, Rodney",Rodney McGruder,20170110,mia,gsw,A,20170110-mia-gsw,22.5,NA,NA,NA,NA,NA,NA,NA,NA,NA,NA,,NA,NA,3500,0,3200,200,5050,50,10,0,3,23,2,2
4825,"Hunter, R.J.",R.J. Hunter,20170110,chi,was,A,20170110-chi-was,19,NA,NA,NA,NA,NA,NA,NA,NA,NA,NA,,NA,NA,3500,0,NA,NA,NA,NA,NA,NA,2,NA,NA,NA
4315,"Smith, Ishmael",Ishmael Smith,20170110,det,sac,A,20170110-det-sac,22.5,NA,NA,NA,NA,NA,NA,NA,NA,NA,NA,,NA,NA,3600,0,3200,0,8900,250,10,0,1,1,1,1
4939,"Bentil, Ben",Ben Bentil,20170110,bos,tor,A,20170110-bos-tor,19.5,NA,NA,NA,NA,NA,NA,NA,NA,NA,NA,,NA,NA,NA,NA,NA,NA,NA,NA,NA,NA,NA,NA,NA,NA
4228,"Collison, Darren",Darren Collison,20170110,sac,det,H,20170110-det-sac,22.5,NA,NA,NA,NA,NA,NA,NA,NA,NA,NA,,NA,NA,4500,0,4700,0,10200,-150,16,0,1,1,1,1
4805,"O'Brien, J.J.",J.J. O'Brien,20170110,mil,sas,A,20170110-mil-sas,20.5,NA,NA,NA,NA,NA,NA,NA,NA,NA,NA,,NA,NA,NA,NA,NA,NA,NA,NA,NA,NA,NA,NA,NA,NA
4610,"Dellavedova, Matthew",Matthew Dellavedova,20170110,mil,sas,A,20170110-mil-sas,20.5,NA,NA,NA,NA,NA,NA,NA,NA,NA,NA,,NA,NA,3800,-100,3700,0,7950,-750,10,0,1,12,12,2
4728,"Parker, Jabari",Jabari Parker,20170110,mil,sas,A,20170110-mil-sas,20.5,NA,NA,NA,NA,NA,NA,NA,NA,NA,NA,,NA,NA,6900,-200,7300,0,11200,-2000,34,0,4,34,34,4
4572,"Dedmon, Dewayne",Dewayne Dedmon,20170110,sas,mil,H,20170110-mil-sas,20.5,NA,NA,NA,NA,NA,NA,NA,NA,NA,NA,,NA,NA,3800,300,3700,200,6850,100,10,0,5,5,5,5
4546,"Prigioni, Pablo",Pablo Prigioni,20170110,hou,cha,H,20170110-cha-hou,20,NA,NA,NA,NA,NA,NA,NA,NA,NA,NA,,NA,NA,NA,NA,NA,NA,NA,NA,NA,NA,NA,NA,NA,NA
4958,"Beech, Beau",Beau Beech,20170110,bkn,atl,H,20170110-atl-bkn,19.5,NA,NA,NA,NA,NA,NA,NA,NA,NA,NA,,NA,NA,NA,NA,NA,NA,NA,NA,NA,NA,NA,NA,NA,NA
3304,"Johnson, Joe",Joe Johnson,20170110,uta,cle,H,20170110-cle-uta,21,NA,NA,NA,NA,NA,NA,NA,NA,NA,NA,,NA,NA,3500,-100,3100,-100,7150,-750,10,0,3,23,23,2
4906,"Whitehead, Isaiah",Isaiah Whitehead,20170110,bkn,atl,H,20170110-atl-bkn,19.5,NA,NA,NA,NA,NA,NA,NA,NA,NA,NA,,NA,NA,3500,-100,3600,0,5000,0,10,0,1,1,12,1
4693,"Brown, Markel",Markel Brown,20170110,cle,uta,A,20170110-cle-uta,21,NA,NA,NA,NA,NA,NA,NA,NA,NA,NA,,NA,NA,NA,NA,NA,NA,NA,NA,NA,NA,NA,NA,NA,NA
4500,"Marshall, Kendall",Kendall Marshall,20170110,uta,cle,H,20170110-cle-uta,21,NA,NA,NA,NA,NA,NA,NA,NA,NA,NA,,NA,NA,NA,NA,NA,NA,NA,NA,NA,NA,NA,NA,NA,NA
4541,"Johnson, Orlando",Orlando Johnson,20170110,mil,sas,A,20170110-mil-sas,20.5,NA,NA,NA,NA,NA,NA,NA,NA,NA,NA,,NA,NA,NA,NA,NA,NA,NA,NA,NA,NA,NA,NA,NA,NA
4867,"Tavares, Walter",Walter Tavares,20170110,atl,bkn,A,20170110-atl-bkn,19.5,NA,NA,NA,NA,NA,NA,NA,NA,NA,NA,,NA,NA,3500,0,NA,NA,NA,NA,NA,NA,5,NA,NA,NA
4817,"Cauley-Stein, Willie",Willie Cauley-Stein,20170110,sac,det,H,20170110-det-sac,22.5,NA,NA,NA,NA,NA,NA,NA,NA,NA,NA,,NA,NA,3500,0,3000,0,5550,-300,10,0,4,5,45,5
