GID,"Last, First",First  Last,Date,Team,Opp,H/A,GameID,GTime(ET),Team pts,Opp pts,Start,Minutes,GP,active,FDP,DKP,DDP,YHP,Stats,DoubleD,TripleD,FD Sal,FD Change,DK Sal,DK Change,DD Sal,DD Change,YH Sal,YH Change,FD pos,DK pos,DD pos,YH pos,date
3816,"Williams, Louis",Louis Williams,20170108,lal,orl,H,20170108-orl-lal,21.5,111,95,0,17.28333333,1,1,13.7,14.75,12.5,13.7,10pt 1rb 3as 2to 3-12fg 4-4ft,0,0,4900,0,4900,100,11900,-450,21,-2,2,2,12,2,2017-01-08
4379,"Irving, Kyrie",Kyrie Irving,20170108,cle,pho,A,20170108-cle-pho,20.5,120,116,1,39.96666667,1,1,34.9,40.5,40,36.9,27pt 2rb 7as 1st 7to 4trey 10-20fg 3-3ft,0,0,8900,300,8200,400,17750,750,37,0,1,1,12,1,2017-01-08
3503,"Scola, Luis",Luis Scola,20170108,bkn,phi,H,20170108-phi-bkn,12,95,105,0,0,0,1,0,0,0,0,,0,0,3500,0,3000,0,5600,600,10,0,4,45,45,4,2017-01-08
2448,"Carter, Vince",Vince Carter,20170108,mem,uta,H,20170108-uta-mem,20,88,79,0,24.83333333,1,1,10.7,11.25,11.25,11.2,3pt 1rb 3as 1st 1trey 1-3fg,0,0,3500,-200,3500,100,6250,-750,10,0,3,23,23,2,2017-01-08
4224,"Harden, James",James Harden,20170108,hou,tor,A,20170108-hou-tor,18,129,122,1,37.85,1,1,66.5,78.5,76.75,68.5,40pt 10rb 11as 2st 2bl 10to 4trey 13-26fg 10-10ft,1,1,11500,-300,11700,-500,23200,-1800,61,0,2,12,12,2,2017-01-08
4893,"Marjanovic, Boban",Boban Marjanovic,20170108,det,por,A,20170108-det-por,21,125,124,0,0,1,1,0,0,0,0,0pt,0,0,3900,400,NA,NA,5000,0,NA,NA,5,NA,5,NA,2017-01-08
4788,"Richardson, Josh",Josh Richardson,20170108,mia,lac,A,20170108-mia-lac,15.5,86,98,0,0,0,1,0,0,0,0,,0,0,5200,-500,5000,-600,9200,-1000,18,3,2,3,3,3,2017-01-08
4909,"Baldwin, Wade",Wade Baldwin,20170108,mem,uta,H,20170108-uta-mem,20,88,79,0,0,0,0,0,0,0,0,,0,0,3500,0,3000,0,5000,0,10,0,1,1,1,1,2017-01-08
4926,"Papagiannis, Georgios",Georgios Papagiannis,20170108,sac,gsw,H,20170108-gsw-sac,21,106,117,0,0,0,0,0,0,0,0,,0,0,3500,0,3000,0,5000,0,10,0,5,5,5,5,2017-01-08
4087,"Brown, Bobby",Bobby Brown,20170108,hou,tor,A,20170108-hou-tor,18,129,122,0,0,0,1,0,0,0,0,,0,0,3500,0,3000,0,5000,0,10,0,1,1,12,2,2017-01-08
3986,"Durant, Kevin",Kevin Durant,20170108,gsw,sac,A,20170108-gsw-sac,21,117,106,1,36.45,1,1,54.4,56.25,55.5,55.4,28pt 7rb 6as 1st 4bl 1to 2trey 9-15fg 8-9ft,0,0,10200,600,9700,300,21200,1450,50,0,3,3,34,3,2017-01-08
4969,"Richardson, Malachi",Malachi Richardson,20170108,sac,gsw,H,20170108-gsw-sac,21,106,117,0,0,0,1,0,0,0,0,,0,0,3500,0,3000,0,5000,0,10,0,2,2,2,2,2017-01-08
4980,"Satoransky, Tomas",Tomas Satoransky,20170108,was,mil,A,20170108-was-mil,14,107,101,0,0,0,1,0,0,0,0,,0,0,3500,0,3300,0,5000,0,10,0,2,1,12,1,2017-01-08
4159,"Lawson, Ty",Ty Lawson,20170108,sac,gsw,H,20170108-gsw-sac,21,106,117,0,21.58333333,1,1,20.9,21.5,20.25,20.9,15pt 2rb 3as 1to 4-8fg 7-8ft,0,0,4400,200,4200,200,8650,450,11,0,1,1,1,1,2017-01-08
3541,"James, LeBron",LeBron James,20170108,cle,pho,A,20170108-cle-pho,20.5,120,116,1,39.51666667,1,1,38.6,43.5,42.5,39.6,28pt 8rb 4as 1st 7to 2trey 11-17fg 4-6ft,0,0,10100,100,10200,-300,22400,-100,53,-2,3,3,34,3,2017-01-08
4362,"Liggins, DeAndre",DeAndre Liggins,20170108,cle,pho,A,20170108-cle-pho,20.5,120,116,1,25.46666667,1,1,19.7,21.25,21.5,20.2,7pt 1rb 1as 4st 2bl 2to 1trey 3-4fg,0,0,3500,0,3000,0,5000,0,10,0,2,2,23,2,2017-01-08
4836,"Okafor, Jahlil",Jahlil Okafor,20170108,phi,bkn,A,20170108-phi-bkn,12,105,95,0,0,0,1,0,0,0,0,,0,0,4400,0,4300,-100,10400,250,14,0,5,5,5,5,2017-01-08
4729,"Ennis, Tyler",Tyler Ennis,20170108,hou,tor,A,20170108-hou-tor,18,129,122,0,0,0,1,0,0,0,0,,0,0,3500,0,3000,0,5000,0,10,0,1,1,1,1,2017-01-08
4913,"Bender, Dragan",Dragan Bender,20170108,pho,cle,H,20170108-cle-pho,20.5,116,120,0,11.91666667,1,1,13.1,14.25,14,13.6,5pt 3rb 1as 1st 1bl 1to 1trey 2-5fg,0,0,3500,0,3000,0,5000,0,10,0,4,34,4,3,2017-01-08
4810,"Hollis-Jefferson, Rondae",Rondae Hollis-Jefferson,20170108,bkn,phi,H,20170108-phi-bkn,12,95,105,0,22.75,1,1,14.3,16,15.25,14.3,7pt 4rb 1as 2st 3to 3-5fg 1-2ft,0,0,4000,-100,3700,0,9100,950,10,0,3,3,23,3,2017-01-08
4977,"Wiltjer, Kyle",Kyle Wiltjer,20170108,hou,tor,A,20170108-hou-tor,18,129,122,0,0,0,0,0,0,0,0,,0,0,3500,0,3000,0,5000,0,10,0,4,4,4,4,2017-01-08
4377,"Mack, Shelvin",Shelvin Mack,20170108,uta,mem,A,20170108-uta-mem,20,79,88,0,15.48333333,1,1,9.8,11,10.25,9.8,4pt 4rb 2as 2to 2-5fg,0,0,3900,-200,4300,-300,8350,0,13,0,1,1,1,1,2017-01-08
4761,"Vonleh, Noah",Noah Vonleh,20170108,por,det,H,20170108-det-por,21,124,125,0,13.23333333,1,1,5.4,5.5,5.5,5.4,0pt 2rb 2as,0,0,3500,0,NA,NA,5000,0,NA,NA,4,NA,4,NA,2017-01-08
3992,"Green, Jeff",Jeff Green,20170108,orl,lal,A,20170108-orl-lal,21.5,95,111,0,23.5,1,1,5.2,6.25,5.5,5.2,6pt 1rb 2to 2-5fg 2-2ft,0,0,3500,-100,3200,0,7800,-250,10,0,3,34,23,3,2017-01-08
4397,"Shumpert, Iman",Iman Shumpert,20170108,cle,pho,A,20170108-cle-pho,20.5,120,116,0,26.18333333,1,1,21.1,22.25,22.5,22.1,10pt 3rb 1as 1st 2bl 2trey 4-7fg,0,0,3600,-100,3500,-100,7250,-100,10,0,2,12,23,1,2017-01-08
4321,"Wall, John",John Wall,20170108,was,mil,A,20170108-was-mil,14,107,101,1,36.8,1,1,27.1,29.75,27.75,27.1,16pt 3rb 7as 1st 5to 7-15fg 2-2ft,0,0,9800,100,9900,-200,19000,-1650,49,0,1,1,1,1,2017-01-08
3786,"Paul, Chris",Chris Paul,20170108,lac,mia,H,20170108-mia-lac,15.5,98,86,1,28.86666667,1,1,56.2,59,58.75,56.7,19pt 6rb 18as 2st 1to 1trey 7-11fg 4-5ft,1,0,9100,0,8700,-200,16300,-2850,46,0,1,1,1,1,2017-01-08
4657,"McCollum, C.J.",C.J. McCollum,20170108,por,det,H,20170108-det-por,21,124,125,1,44.38333333,1,1,50.6,52.75,51.25,52.1,35pt 3rb 6as 1st 1bl 1to 3trey 16-28fg,0,0,8000,0,NA,NA,14400,-200,NA,NA,2,NA,12,NA,2017-01-08
4766,"Capela, Clint",Clint Capela,20170108,hou,tor,A,20170108-hou-tor,18,129,122,0,0,0,0,0,0,0,0,,0,0,5300,0,4900,0,11350,350,19,0,5,5,45,5,2017-01-08
4591,"Len, Alex",Alex Len,20170108,pho,cle,H,20170108-cle-pho,20.5,116,120,0,6.166666667,1,1,4,4,3.5,4,2pt 1bl 1-3fg,0,0,4200,0,3900,0,8600,-1300,18,8,4,5,45,5,2017-01-08
4458,"Biyombo, Bismack",Bismack Biyombo,20170108,orl,lal,A,20170108-orl-lal,21.5,95,111,1,26.3,1,1,24.2,27.25,26.75,24.2,10pt 11rb 2as 2to 4-6fg 2-4ft,1,0,3800,-400,3500,-100,9650,450,13,0,5,5,45,5,2017-01-08
4261,"Aminu, Al-Farouq",Al-Farouq Aminu,20170108,por,det,H,20170108-det-por,21,124,125,1,37.41666667,1,1,29.6,31,30.75,30.1,16pt 8rb 2as 1bl 1to 1trey 7-10fg 1-1ft,0,0,4500,400,NA,NA,7600,-500,NA,NA,4,NA,34,NA,2017-01-08
4302,"Patterson, Patrick",Patrick Patterson,20170108,tor,hou,H,20170108-hou-tor,18,122,129,0,22.4,1,1,18.4,20.25,20.75,19.4,8pt 7rb 2as 1to 2trey 3-5fg,0,0,4000,0,3600,0,8000,0,12,0,4,4,45,4,2017-01-08
3116,"Crawford, Jamal",Jamal Crawford,20170108,lac,mia,H,20170108-mia-lac,15.5,98,86,0,31.35,1,1,2.7,3.75,1,2.7,2pt 1rb 1as 2to 1-12fg,0,0,4500,-300,4700,-200,7600,-600,14,0,2,2,23,2,2017-01-08
4190,"Henderson, Gerald",Gerald Henderson,20170108,phi,bkn,A,20170108-phi-bkn,12,105,95,0,20.95,1,1,9.7,9.75,8.75,9.7,7pt 1rb 1as 3-7fg 1-1ft,0,0,3700,200,3400,200,7650,50,10,0,2,2,23,2,2017-01-08
4759,"Nogueira, Lucas",Lucas Nogueira,20170108,tor,hou,H,20170108-hou-tor,18,122,129,0,12.53333333,1,1,12.8,13,13,12.8,4pt 4rb 1st 1bl 2-2fg,0,0,3600,0,3400,0,7500,50,10,0,5,5,5,5,2017-01-08
3975,"Brewer, Corey",Corey Brewer,20170108,hou,tor,A,20170108-hou-tor,18,129,122,0,13.66666667,1,1,14.4,15,14.25,14.4,2pt 2rb 2as 3st 1bl 1to 1-4fg,0,0,3500,0,3000,0,5000,0,10,0,3,23,23,2,2017-01-08
4107,"Jordan, DeAndre",DeAndre Jordan,20170108,lac,mia,H,20170108-mia-lac,15.5,98,86,1,33.56666667,1,1,29.6,31,29.25,29.6,7pt 18rb 1bl 1to 2-4fg 3-8ft,0,0,7600,100,7100,0,14600,-650,25,-2,5,5,5,5,2017-01-08
3895,"Novak, Steve",Steve Novak,20170108,mil,was,H,20170108-was-mil,14,101,107,0,0,0,1,0,0,0,0,,0,0,3500,0,3000,0,5000,0,10,0,3,3,34,3,2017-01-08
4168,"Johnson, James",James Johnson,20170108,mia,lac,A,20170108-mia-lac,15.5,86,98,0,26.53333333,1,1,24.7,27.5,27,25.7,12pt 6rb 3as 1st 1bl 3to 2trey 4-10fg 2-2ft,0,0,5600,100,6200,500,8150,-800,20,0,4,4,34,4,2017-01-08
4838,"Johnson, Stanley",Stanley Johnson,20170108,det,por,A,20170108-det-por,21,125,124,0,25.35,1,1,15,16.25,16.5,15.5,5pt 5rb 2as 1st 1to 1trey 2-3fg,0,0,3500,0,NA,NA,5300,-500,NA,NA,3,NA,23,NA,2017-01-08
4709,"Bogdanovic, Bojan",Bojan Bogdanovic,20170108,bkn,phi,H,20170108-phi-bkn,12,95,105,1,35.48333333,1,1,26.1,28.5,27.25,27.1,12pt 8rb 3as 1st 2to 2trey 5-14fg,0,0,4100,0,4600,400,9100,850,15,0,3,23,23,3,2017-01-08
4475,"Sullinger, Jared",Jared Sullinger,20170108,tor,hou,H,20170108-hou-tor,18,122,129,0,0,0,0,0,0,0,0,,0,0,NA,NA,3000,0,5000,0,18,0,NA,5,45,4,2017-01-08
4102,"Hill, George",George Hill,20170108,uta,mem,A,20170108-uta-mem,20,79,88,1,32.51666667,1,1,22.8,26,24.75,23.8,15pt 4rb 2as 1st 1bl 4to 2trey 6-14fg 1-2ft,0,0,6200,0,6000,-300,13850,0,27,0,1,1,12,1,2017-01-08
4211,"DeRozan, DeMar",DeMar DeRozan,20170108,tor,hou,H,20170108-hou-tor,18,122,129,1,39.36666667,1,1,46.7,50,48,46.7,36pt 6rb 5as 1bl 6to 13-21fg 10-10ft,0,0,8600,300,8100,100,16750,0,40,0,2,2,23,2,2017-01-08
4620,"Gobert, Rudy",Rudy Gobert,20170108,uta,mem,A,20170108-uta-mem,20,79,88,1,36.26666667,1,1,27.6,30.25,29,27.6,5pt 13rb 2as 3st 1bl 4to 1-3fg 3-6ft,0,0,7300,-400,6600,-500,14550,50,29,-2,5,5,5,5,2017-01-08
4071,"Beasley, Michael",Michael Beasley,20170108,mil,was,H,20170108-was-mil,14,101,107,0,15.81666667,1,1,20.2,21.25,21,20.7,18pt 1rb 1st 1to 1trey 6-9fg 5-5ft,0,0,3500,0,3100,-100,5850,250,10,0,3,34,34,3,2017-01-08
4918,"Luwawu, Timothe",Timothe Luwawu,20170108,phi,bkn,A,20170108-phi-bkn,12,105,95,0,0,0,1,0,0,0,0,,0,0,3500,0,3000,0,5000,0,10,0,2,2,23,2,2017-01-08
3311,"Jefferson, Richard",Richard Jefferson,20170108,cle,pho,A,20170108-cle-pho,20.5,120,116,0,18.85,1,1,3,4.5,4.5,3.5,3pt 1st 2to 1trey 1-3fg,0,0,3500,0,3300,-200,5000,0,10,0,3,34,23,3,2017-01-08
4209,"Casspi, Omri",Omri Casspi,20170108,sac,gsw,H,20170108-gsw-sac,21,106,117,0,0,0,1,0,0,0,0,,0,0,3800,0,3000,-300,7350,150,10,0,4,3,34,3,2017-01-08
4701,"Ingles, Joe",Joe Ingles,20170108,uta,mem,A,20170108-uta-mem,20,79,88,0,16.8,1,1,7.8,8.5,7.75,7.8,1pt 4rb 2as 1to 0-1fg 1-3ft,0,0,3900,0,3700,-300,5750,0,10,0,3,23,23,3,2017-01-08
4285,"Hayward, Gordon",Gordon Hayward,20170108,uta,mem,A,20170108-uta-mem,20,79,88,1,33.73333333,1,1,32,35.25,34.25,33.5,22pt 5rb 2as 2st 3to 3trey 6-14fg 7-9ft,0,0,7200,-300,7100,-300,15150,-50,37,-2,3,3,23,3,2017-01-08
4085,"Anderson, Ryan",Ryan Anderson,20170108,hou,tor,A,20170108-hou-tor,18,129,122,1,32.25,1,1,15.8,16.5,15.5,16.3,9pt 4rb 1st 1trey 2-8fg 4-4ft,0,0,5400,-100,5400,-200,10700,300,19,-2,4,4,45,4,2017-01-08
4820,"Looney, Kevon",Kevon Looney,20170108,gsw,sac,A,20170108-gsw-sac,21,117,106,0,0,0,1,0,0,0,0,,0,0,3500,0,3000,0,5000,0,10,0,4,4,4,4,2017-01-08
3871,"Tucker, P.J.",P.J. Tucker,20170108,pho,cle,H,20170108-cle-pho,20.5,116,120,0,28.4,1,1,19.8,21,20.5,19.8,10pt 4rb 2as 2st 2to 4-6fg 2-2ft,0,0,3900,0,4100,200,6900,-400,10,0,3,3,23,3,2017-01-08
4172,"Griffin, Blake",Blake Griffin,20170108,lac,mia,H,20170108-mia-lac,15.5,98,86,0,0,0,0,0,0,0,0,,0,0,8800,0,7700,100,16300,-800,41,0,4,45,45,4,2017-01-08
4570,"Covington, Robert",Robert Covington,20170108,phi,bkn,A,20170108-phi-bkn,12,105,95,1,37.3,1,1,39.7,43.25,42.5,40.2,15pt 11rb 1as 5st 1bl 2to 1trey 5-12fg 4-4ft,1,0,5200,-100,5500,200,11750,50,20,0,3,23,34,3,2017-01-08
4806,"Lyles, Trey",Trey Lyles,20170108,uta,mem,A,20170108-uta-mem,20,79,88,0,11.83333333,1,1,16.9,18.5,19.5,18.4,11pt 2rb 1as 1st 3trey 3-4fg 2-3ft,0,0,3500,0,3100,0,7150,0,10,0,4,4,4,4,2017-01-08
4036,"Young, Nick",Nick Young,20170108,lal,orl,H,20170108-orl-lal,21.5,111,95,1,19.46666667,1,1,3.2,4.25,2.75,3.2,2pt 1rb 1bl 2to 1-7fg,0,0,4400,-300,4400,-200,7800,650,16,0,2,2,23,2,2017-01-08
4925,"Simmons, Ben",Ben Simmons,20170108,phi,bkn,A,20170108-phi-bkn,12,105,95,0,0,0,0,0,0,0,0,,0,0,NA,NA,3000,0,5300,0,10,0,NA,1,34,1,2017-01-08
3749,"Frye, Channing",Channing Frye,20170108,cle,pho,A,20170108-cle-pho,20.5,120,116,0,18.3,1,1,14.8,16,16,15.8,10pt 4rb 2trey 4-8fg,0,0,3800,100,4000,-300,7000,-250,10,0,4,45,45,4,2017-01-08
4897,"Williams, Alan",Alan Williams,20170108,pho,cle,H,20170108-cle-pho,20.5,116,120,0,0,0,1,0,0,0,0,,0,0,3500,0,3000,0,5000,0,10,0,5,5,4,5,2017-01-08
4619,"Bennett, Anthony",Anthony Bennett,20170108,bkn,phi,H,20170108-phi-bkn,12,95,105,0,0,0,1,0,0,0,0,,0,0,3500,-100,3000,0,5000,0,10,0,4,3,34,3,2017-01-08
4407,"Morris, Marcus",Marcus Morris,20170108,det,por,A,20170108-det-por,21,125,124,1,46.28333333,1,1,25.5,25.75,22.75,25.5,10pt 5rb 5as 1st 5-17fg,0,0,4600,300,NA,NA,9000,-750,NA,NA,3,NA,34,NA,2017-01-08
4756,"Johnson, Tyler",Tyler Johnson,20170108,mia,lac,A,20170108-mia-lac,15.5,86,98,0,32.53333333,1,1,24.9,26.25,24.5,25.4,12pt 7rb 1as 1st 1bl 1to 1trey 4-12fg 3-4ft,0,0,6000,-100,5400,-400,10300,-1350,21,-2,1,1,12,1,2017-01-08
4811,"Connaughton, Pat",Pat Connaughton,20170108,por,det,H,20170108-det-por,21,124,125,0,0,0,1,0,0,0,0,,0,0,3500,0,NA,NA,5000,0,NA,NA,2,NA,23,NA,2017-01-08
4760,"Dinwiddie, Spencer",Spencer Dinwiddie,20170108,bkn,phi,H,20170108-phi-bkn,12,95,105,0,25.4,1,1,20.1,20.75,20,20.1,9pt 3rb 3as 2bl 1to 3-5fg 3-4ft,0,0,3600,100,3300,300,5000,0,10,0,1,1,1,1,2017-01-08
4412,"Harris, Tobias",Tobias Harris,20170108,det,por,A,20170108-det-por,21,125,124,0,38.11666667,1,1,31.3,32.75,30.5,31.3,14pt 9rb 3as 1st 1bl 2to 7-16fg,0,0,6000,100,NA,NA,10350,-900,NA,NA,4,NA,34,NA,2017-01-08
4185,"Ellington, Wayne",Wayne Ellington,20170108,mia,lac,A,20170108-mia-lac,15.5,86,98,1,20.08333333,1,1,5.5,5.5,4,5.5,4pt 1as 1-7fg 2-2ft,0,0,3800,-200,3400,-300,6000,-650,11,0,2,23,23,2,2017-01-08
4699,"Payton, Elfrid",Elfrid Payton,20170108,orl,lal,A,20170108-orl-lal,21.5,95,111,1,18.88333333,1,1,21.2,23.5,22.25,21.7,9pt 6rb 4as 1st 3to 1trey 4-11fg,0,0,6200,-100,6400,400,13300,1050,19,0,1,1,1,1,2017-01-08
4405,"Joseph, Cory",Cory Joseph,20170108,tor,hou,H,20170108-hou-tor,18,122,129,0,22.81666667,1,1,13.2,13.75,12.75,13.2,10pt 1rb 2as 1to 4-8fg 2-2ft,0,0,3900,0,3500,0,7300,-50,10,0,1,1,1,1,2017-01-08
5004,"Poeltl, Jakob",Jakob Poeltl,20170108,tor,hou,H,20170108-hou-tor,18,122,129,0,0,0,1,0,0,0,0,,0,0,3500,0,3000,0,5000,0,10,0,5,5,5,5,2017-01-08
4857,"Harrell, Montrezl",Montrezl Harrell,20170108,hou,tor,A,20170108-hou-tor,18,129,122,0,25.63333333,1,1,35,35.75,35,35,28pt 5rb 1bl 1to 12-13fg 4-6ft,0,0,4600,-400,5200,-300,5900,0,17,0,5,45,4,5,2017-01-08
4828,"Oubre, Kelly",Kelly Oubre,20170108,was,mil,A,20170108-was-mil,14,107,101,0,25.05,1,1,25.5,27.75,27.5,27,17pt 5rb 1as 1st 1to 3trey 7-14fg,0,0,3500,0,3400,-100,6450,300,10,0,3,23,3,3,2017-01-08
4173,"Curry, Stephen",Stephen Curry,20170108,gsw,sac,A,20170108-gsw-sac,21,117,106,1,37.1,1,1,43.8,48.5,48.25,46.3,30pt 4rb 6as 2st 4to 5trey 11-22fg 3-3ft,0,0,9000,900,9000,500,19450,1250,40,-2,1,1,12,1,2017-01-08
3527,"Diaw, Boris",Boris Diaw,20170108,uta,mem,A,20170108-uta-mem,20,79,88,0,18.7,1,1,7.6,7.75,7.5,7.6,2pt 3rb 1bl 1-2fg,0,0,3500,0,3000,0,5000,0,10,0,4,45,45,5,2017-01-08
3544,"Jones, James",James Jones,20170108,cle,pho,A,20170108-cle-pho,20.5,120,116,0,0,0,1,0,0,0,0,,0,0,3500,0,3000,0,5000,0,10,0,2,2,23,2,2017-01-08
4113,"Mbah a Moute, Luc",Luc Mbah a Moute,20170108,lac,mia,H,20170108-mia-lac,15.5,98,86,1,27.63333333,1,1,10.2,10.75,9.5,10.2,6pt 1rb 1st 1bl 1to 3-8fg,0,0,3500,0,3200,-200,5000,-100,10,0,3,34,34,3,2017-01-08
4703,"Stauskas, Nik",Nik Stauskas,20170108,phi,bkn,A,20170108-phi-bkn,12,105,95,1,30.5,1,1,25,27.25,28,26.5,15pt 5rb 2as 1bl 1to 3trey 4-7fg 4-4ft,0,0,3500,0,3800,0,6150,0,10,0,2,23,23,2,2017-01-08
4515,"Waiters, Dion",Dion Waiters,20170108,mia,lac,A,20170108-mia-lac,15.5,86,98,0,15.1,1,1,9.4,10.5,9.5,9.9,8pt 2rb 1to 1trey 2-7fg 3-4ft,0,0,5000,-100,3900,-200,9800,-1300,18,0,2,2,23,2,2017-01-08
4234,"Beverley, Patrick",Patrick Beverley,20170108,hou,tor,A,20170108-hou-tor,18,129,122,1,32.15,1,1,19.9,20.5,19.5,19.9,6pt 2rb 7as 1bl 1to 2-6fg 2-2ft,0,0,6000,100,5700,300,10600,-950,18,0,1,1,12,1,2017-01-08
3621,"Ariza, Trevor",Trevor Ariza,20170108,hou,tor,A,20170108-hou-tor,18,129,122,1,41.53333333,1,1,32.9,36.25,37.5,35.4,17pt 7rb 3as 2st 1to 5trey 5-10fg 2-2ft,0,0,5300,-600,5600,-300,11350,50,25,2,3,3,23,3,2017-01-08
4489,"Drummond, Andre",Andre Drummond,20170108,det,por,A,20170108-det-por,21,125,124,1,51.9,1,1,55.8,58.5,57,55.8,28pt 14rb 4st 2bl 1to 13-20fg 2-3ft,1,0,7800,-100,NA,NA,16900,700,NA,NA,5,NA,45,NA,2017-01-08
4914,"Johnson, Brice",Brice Johnson,20170108,lac,mia,H,20170108-mia-lac,15.5,98,86,0,0,0,0,0,0,0,0,,0,0,3500,0,3000,0,5000,0,10,0,4,4,4,4,2017-01-08
3858,"Foye, Randy",Randy Foye,20170108,bkn,phi,H,20170108-phi-bkn,12,95,105,0,0,0,1,0,0,0,0,,0,0,3500,0,3000,0,5000,0,10,0,2,1,12,2,2017-01-08
3970,"Afflalo, Arron",Arron Afflalo,20170108,sac,gsw,H,20170108-gsw-sac,21,106,117,0,14.26666667,1,1,8.2,8.75,8.75,8.7,5pt 1rb 1st 1trey 2-4fg,0,0,3500,-200,3000,-100,5400,150,10,0,2,2,23,2,2017-01-08
4770,"Kilpatrick, Sean",Sean Kilpatrick,20170108,bkn,phi,H,20170108-phi-bkn,12,95,105,0,25.35,1,1,15.1,18.75,18.5,16.1,10pt 3rb 3as 1st 5to 2trey 4-9fg,0,0,4300,-400,5300,0,10050,550,19,0,2,2,12,2,2017-01-08
3314,"Randolph, Zach",Zach Randolph,20170108,mem,uta,H,20170108-uta-mem,20,88,79,0,27.3,1,1,35.7,38.75,36.75,35.7,13pt 11rb 1as 3st 2bl 2to 6-16fg 1-1ft,1,0,5500,0,5700,200,9650,-1350,20,2,4,45,45,4,2017-01-08
4109,"Koufos, Kosta",Kosta Koufos,20170108,sac,gsw,H,20170108-gsw-sac,21,106,117,0,16.41666667,1,1,13.4,14.75,14.25,13.4,2pt 7rb 2as 1st 2to 1-3fg,0,0,3800,-100,3200,-300,6000,200,10,0,5,5,45,5,2017-01-08
4416,"Williams, Derrick",Derrick Williams,20170108,mia,lac,A,20170108-mia-lac,15.5,86,98,1,21.46666667,1,1,8.6,9.75,8.75,8.6,2pt 3rb 2as 1st 2to 1-5fg,0,0,3500,0,3000,0,6700,-700,10,0,4,4,34,4,2017-01-08
4504,"Green, Draymond",Draymond Green,20170108,gsw,sac,A,20170108-gsw-sac,21,117,106,1,32.26666667,1,1,36.4,39.25,38.5,36.9,9pt 7rb 10as 2st 2bl 4to 1trey 4-9fg,0,0,8000,200,7500,0,17900,1200,36,0,4,45,34,4,2017-01-08
4034,"Wright, Brandan",Brandan Wright,20170108,mem,uta,H,20170108-uta-mem,20,88,79,0,0,0,0,0,0,0,0,,0,0,3500,0,3000,0,5000,0,10,0,5,4,45,4,2017-01-08
4104,"Ibaka, Serge",Serge Ibaka,20170108,orl,lal,A,20170108-orl-lal,21.5,95,111,1,37.88333333,1,1,34,37,35.75,34.5,19pt 10rb 1st 1bl 1to 1trey 8-17fg 2-2ft,1,0,6600,-200,6700,300,13000,650,29,0,4,45,45,4,2017-01-08
4787,"Winslow, Justise",Justise Winslow,20170108,mia,lac,A,20170108-mia-lac,15.5,86,98,0,0,0,1,0,0,0,0,,0,0,NA,NA,4000,0,9750,-1050,19,0,NA,4,34,3,2017-01-08
4092,"Dragic, Goran",Goran Dragic,20170108,mia,lac,A,20170108-mia-lac,15.5,86,98,1,42.08333333,1,1,34.5,38.25,36.75,35.5,24pt 5rb 5as 1st 5to 2trey 9-18fg 4-5ft,0,0,6500,-600,6800,-600,14050,-1900,32,0,1,1,12,1,2017-01-08
4299,"Mozgov, Timofey",Timofey Mozgov,20170108,lal,orl,H,20170108-orl-lal,21.5,111,95,1,30.18333333,1,1,30.8,31.25,31.25,30.8,15pt 9rb 2as 1st 7-7fg 1-1ft,0,0,3500,-100,3100,-200,7750,-250,10,0,5,5,5,5,2017-01-08
3985,"Dudley, Jared",Jared Dudley,20170108,pho,cle,H,20170108-cle-pho,20.5,116,120,0,0,0,1,0,0,0,0,,0,0,3500,0,3000,-200,7050,-400,10,0,4,4,34,4,2017-01-08
4807,"Neto, Raul",Raul Neto,20170108,uta,mem,A,20170108-uta-mem,20,79,88,0,0,0,0,0,0,0,0,,0,0,3500,0,3000,0,5000,0,10,0,1,1,1,1,2017-01-08
4835,"Holmes, Richaun",Richaun Holmes,20170108,phi,bkn,A,20170108-phi-bkn,12,105,95,0,0,0,1,0,0,0,0,,0,0,3700,0,3700,0,6400,150,10,0,4,4,45,4,2017-01-08
4531,"Nicholson, Andrew",Andrew Nicholson,20170108,was,mil,A,20170108-was-mil,14,107,101,0,0,0,1,0,0,0,0,,0,0,3500,0,3000,0,5000,0,10,0,4,5,4,5,2017-01-08
3679,"Varejao, Anderson",Anderson Varejao,20170108,gsw,sac,A,20170108-gsw-sac,21,117,106,0,0,0,1,0,0,0,0,,0,0,3500,0,3000,0,5000,0,10,0,5,5,45,4,2017-01-08
4525,"Henson, John",John Henson,20170108,mil,was,H,20170108-was-mil,14,101,107,1,14.68333333,1,1,6.2,7.25,6.75,6.2,2pt 1rb 2as 1st 2to 1-3fg,0,0,3700,0,3400,0,8400,-100,10,0,5,5,45,5,2017-01-08
3397,"Andersen, Chris",Chris Andersen,20170108,cle,pho,A,20170108-cle-pho,20.5,120,116,0,0,0,0,0,0,0,0,,0,0,3500,0,3000,0,5000,0,10,0,5,5,45,4,2017-01-08
4935,"Maker, Thon",Thon Maker,20170108,mil,was,H,20170108-was-mil,14,101,107,0,0,0,1,0,0,0,0,,0,0,3500,0,3000,0,5000,0,10,0,4,4,4,4,2017-01-08
4916,"House, Danuel",Danuel House,20170108,was,mil,A,20170108-was-mil,14,107,101,0,0,0,0,0,0,0,0,,0,0,3500,0,3000,0,5000,0,10,0,3,2,2,2,2017-01-08
3553,"Pachulia, Zaza",Zaza Pachulia,20170108,gsw,sac,A,20170108-gsw-sac,21,117,106,1,22.11666667,1,1,26.4,27.25,27,26.4,10pt 7rb 2as 3st 1to 4-5fg 2-2ft,0,0,3800,0,3400,0,7800,750,10,0,5,5,5,5,2017-01-08
4274,"Cousins, DeMarcus",DeMarcus Cousins,20170108,sac,gsw,H,20170108-gsw-sac,21,106,117,1,29.3,1,1,37.5,43.5,42.5,38,17pt 10rb 5as 2st 2bl 7to 1trey 4-11fg 8-9ft,1,0,10800,-200,10800,-100,21950,450,56,0,5,45,45,4,2017-01-08
4114,"McGee, JaVale",JaVale McGee,20170108,gsw,sac,A,20170108-gsw-sac,21,117,106,0,3.916666667,1,1,3.2,3.25,3.25,3.2,2pt 1rb 1-1fg,0,0,3500,0,3000,0,5000,0,10,0,5,5,5,5,2017-01-08
4941,"Jones, Derrick",Derrick Jones,20170108,pho,cle,H,20170108-cle-pho,20.5,116,120,0,0,0,0,0,0,0,0,,0,0,3500,0,3000,0,5000,0,10,0,3,3,3,3,2017-01-08
4494,"Beal, Bradley",Bradley Beal,20170108,was,mil,A,20170108-was-mil,14,107,101,1,35.96666667,1,1,32.8,35.5,34,33.8,26pt 4rb 2as 1bl 3to 2trey 10-19fg 4-5ft,0,0,6900,-100,6600,-300,13500,350,28,0,2,2,2,2,2017-01-08
3054,"Terry, Jason",Jason Terry,20170108,mil,was,H,20170108-was-mil,14,101,107,0,17.55,1,1,9.2,10.75,11.25,9.7,5pt 1rb 2as 1st 2to 1trey 1-1fg 2-2ft,0,0,3500,0,3000,0,5000,0,10,0,1,1,12,2,2017-01-08
3641,"Iguodala, Andre",Andre Iguodala,20170108,gsw,sac,A,20170108-gsw-sac,21,117,106,0,28.55,1,1,25.9,26.75,26.25,26.4,8pt 7rb 5as 1st 1trey 3-6fg 1-2ft,0,0,3500,-200,3400,-100,7800,550,10,0,3,3,23,3,2017-01-08
3535,"Haslem, Udonis",Udonis Haslem,20170108,mia,lac,A,20170108-mia-lac,15.5,86,98,0,0,0,1,0,0,0,0,,0,0,3500,0,3000,0,5000,0,10,0,4,5,4,5,2017-01-08
4979,"Labissiere, Skal",Skal Labissiere,20170108,sac,gsw,H,20170108-gsw-sac,21,106,117,0,0,0,0,0,0,0,0,,0,0,3500,0,3000,0,5000,0,10,0,4,4,45,4,2017-01-08
3857,"Gay, Rudy",Rudy Gay,20170108,sac,gsw,H,20170108-gsw-sac,21,106,117,1,35.46666667,1,1,32.7,35.75,34.5,33.7,23pt 1rb 3as 2st 2bl 4to 2trey 9-17fg 3-4ft,0,0,7100,-100,6100,100,13650,350,29,0,3,3,34,3,2017-01-08
4023,"Smith, Jason",Jason Smith,20170108,was,mil,A,20170108-was-mil,14,107,101,0,5.283333333,1,1,5.6,5.75,5,5.6,0pt 3rb 1st 0-3fg,0,0,3600,100,3000,0,5000,0,10,0,4,45,45,4,2017-01-08
4581,"Green, JaMychal",JaMychal Green,20170108,mem,uta,H,20170108-uta-mem,20,88,79,1,31.81666667,1,1,18.2,19.5,19.25,18.7,8pt 6rb 1st 1bl 1to 1trey 3-5fg 1-2ft,0,0,4300,-400,4500,-500,8700,-1250,16,0,4,4,4,4,2017-01-08
4183,"Meeks, Jodie",Jodie Meeks,20170108,orl,lal,A,20170108-orl-lal,21.5,95,111,0,17.81666667,1,1,5.2,6.75,6.25,5.7,3pt 1rb 2as 2to 1trey 1-5fg,0,0,3800,-300,3400,-300,5650,200,10,0,2,2,2,2,2017-01-08
4318,"Turner, Evan",Evan Turner,20170108,por,det,H,20170108-det-por,21,124,125,0,25.28333333,1,1,16.1,17.75,17,16.1,4pt 3rb 5as 2st 3to 2-5fg,0,0,4700,-100,NA,NA,8450,-850,NA,NA,3,NA,23,NA,2017-01-08
3629,"Deng, Luol",Luol Deng,20170108,lal,orl,H,20170108-orl-lal,21.5,111,95,1,31.1,1,1,14.6,15.75,14.75,15.6,11pt 3rb 2trey 4-11fg 1-2ft,0,0,4800,300,4800,600,8750,750,18,0,3,3,34,3,2017-01-08
4074,"Love, Kevin",Kevin Love,20170108,cle,pho,A,20170108-cle-pho,20.5,120,116,1,35.85,1,1,39.5,43.5,43.25,41,25pt 10rb 1as 1bl 1to 3trey 8-17fg 6-6ft,1,0,8200,-100,8000,-100,16700,-700,42,0,4,45,45,4,2017-01-08
4280,"Favors, Derrick",Derrick Favors,20170108,uta,mem,A,20170108-uta-mem,20,79,88,1,24.61666667,1,1,8.1,9.75,8.5,8.1,4pt 3rb 1as 1st 3to 2-7fg,0,0,4300,-200,4900,-300,10300,0,15,0,4,45,45,4,2017-01-08
4056,"Watson, C.J.",C.J. Watson,20170108,orl,lal,A,20170108-orl-lal,21.5,95,111,0,0.883333333,1,1,0,0,-0.25,0,0pt 0-1fg,0,0,3500,0,3000,0,5000,0,10,0,1,12,1,1,2017-01-08
3474,"Barnes, Matt",Matt Barnes,20170108,sac,gsw,H,20170108-gsw-sac,21,106,117,0,18.48333333,1,1,9.1,9.75,8.75,9.1,0pt 3rb 3as 1st 1to 0-4fg,0,0,3800,0,3900,-500,7850,250,10,0,3,34,23,3,2017-01-08
3521,"Bosh, Chris",Chris Bosh,20170108,mia,lac,A,20170108-mia-lac,15.5,86,98,0,0,0,0,0,0,0,0,,0,0,NA,NA,3000,0,5000,-250,10,0,NA,4,45,4,2017-01-08
3678,"Udrih, Beno",Beno Udrih,20170108,det,por,A,20170108-det-por,21,125,124,0,0,0,1,0,0,0,0,,0,0,3500,0,NA,NA,5000,0,NA,NA,1,NA,1,NA,2017-01-08
4561,"Crabbe, Allen",Allen Crabbe,20170108,por,det,H,20170108-det-por,21,124,125,0,42.56666667,1,1,32.7,36.25,38,35.2,30pt 1rb 1as 1st 2to 5trey 12-15fg 1-1ft,0,0,4000,200,NA,NA,7550,-150,NA,NA,2,NA,12,NA,2017-01-08
4483,"Rivers, Austin",Austin Rivers,20170108,lac,mia,H,20170108-mia-lac,15.5,98,86,0,0,0,1,0,0,0,0,,0,0,4800,200,5200,-100,6650,-1000,14,0,1,1,12,1,2017-01-08
3990,"Gasol, Marc",Marc Gasol,20170108,mem,uta,H,20170108-uta-mem,20,88,79,1,33.8,1,1,27.3,28.5,25.5,27.3,17pt 4rb 1as 3st 2to 7-18fg 3-4ft,0,0,8100,-400,7000,-400,14150,-1900,33,-2,5,5,5,5,2017-01-08
4987,"Stone, Diamond",Diamond Stone,20170108,lac,mia,H,20170108-mia-lac,15.5,98,86,0,0,0,0,0,0,0,0,,0,0,3500,0,3000,0,5000,0,10,0,5,5,5,5,2017-01-08
3583,"Hamilton, Justin",Justin Hamilton,20170108,bkn,phi,H,20170108-phi-bkn,12,95,105,0,23.15,1,1,26,27.25,26.75,27,16pt 5rb 2bl 2trey 6-11fg 2-3ft,0,0,3700,200,3400,-100,6900,850,10,0,5,45,45,5,2017-01-08
4078,"Augustin, D.J.",D.J. Augustin,20170108,orl,lal,A,20170108-orl-lal,21.5,95,111,0,28.23333333,1,1,23,24.25,23.25,23.5,6pt 5rb 8as 1to 1trey 1-6fg 3-4ft,0,0,3600,100,3200,0,7900,600,10,0,1,1,1,1,2017-01-08
3514,"Barbosa, Leandro",Leandro Barbosa,20170108,pho,cle,H,20170108-cle-pho,20.5,116,120,0,3.666666667,1,1,-0.5,0.5,0.5,-0.5,0pt 1as 2to,0,0,3500,0,3000,0,5200,100,10,0,2,12,12,2,2017-01-08
4369,"Jackson, Reggie",Reggie Jackson,20170108,det,por,A,20170108-det-por,21,125,124,1,46.83333333,1,1,38.7,40.75,38.25,39.7,31pt 1rb 3as 2st 2to 2trey 13-26fg 3-4ft,0,0,7000,600,NA,NA,11950,1200,NA,NA,1,NA,12,NA,2017-01-08
4589,"McLemore, Ben",Ben McLemore,20170108,sac,gsw,H,20170108-gsw-sac,21,106,117,0,0,0,1,0,0,0,0,,0,0,3500,0,3000,0,5000,0,10,0,2,2,2,2,2017-01-08
4227,"Thornton, Marcus",Marcus Thornton,20170108,was,mil,A,20170108-was-mil,14,107,101,0,0,0,1,0,0,0,0,,0,0,3500,0,3000,0,5550,300,10,0,2,2,23,2,2017-01-08
4997,"Layman, Jake",Jake Layman,20170108,por,det,H,20170108-det-por,21,124,125,0,0,0,1,0,0,0,0,,0,0,3500,0,NA,NA,5000,0,NA,NA,4,NA,4,NA,2017-01-08
4683,"Rudez, Damjan",Damjan Rudez,20170108,orl,lal,A,20170108-orl-lal,21.5,95,111,0,0.883333333,1,1,0,0,0,0,0pt,0,0,3500,0,3000,0,5000,0,10,0,3,3,23,2,2017-01-08
4007,"McRoberts, Josh",Josh McRoberts,20170108,mia,lac,A,20170108-mia-lac,15.5,86,98,0,0,0,0,0,0,0,0,,0,0,NA,NA,3000,0,6300,-400,10,0,NA,4,45,4,2017-01-08
4199,"Temple, Garrett",Garrett Temple,20170108,sac,gsw,H,20170108-gsw-sac,21,106,117,1,42.35,1,1,22.7,24.25,23.75,23.7,14pt 1rb 3as 1st 1bl 1to 2trey 5-9fg 2-4ft,0,0,4300,-100,3800,0,6750,350,10,-1,2,12,12,2,2017-01-08
4549,"Ross, Terrence",Terrence Ross,20170108,tor,hou,H,20170108-hou-tor,18,122,129,0,24.9,1,1,12.9,13.5,11.5,12.9,8pt 2rb 1as 1st 1to 4-12fg,0,0,4100,0,3900,0,7250,-50,10,0,3,23,23,2,2017-01-08
4705,"Gordon, Aaron",Aaron Gordon,20170108,orl,lal,A,20170108-orl-lal,21.5,95,111,1,24,1,1,8.7,10,8.25,8.7,2pt 6rb 1as 2to 0-5fg 2-4ft,0,0,4800,0,5600,700,11800,-350,15,0,3,34,34,3,2017-01-08
3307,"Chandler, Tyson",Tyson Chandler,20170108,pho,cle,H,20170108-cle-pho,20.5,116,120,1,31.91666667,1,1,29,31.75,31.5,29,10pt 15rb 1bl 1to 4-7fg 2-2ft,1,0,5400,400,4900,100,9050,-1300,15,0,5,5,5,5,2017-01-08
4680,"Randle, Julius",Julius Randle,20170108,lal,orl,H,20170108-orl-lal,21.5,111,95,1,34.11666667,1,1,39.3,41.25,39.75,39.8,19pt 9rb 5as 1st 1bl 2to 1trey 6-12fg 6-8ft,0,0,7300,200,7000,-200,12550,-50,30,3,4,45,4,4,2017-01-08
4809,"McCullough, Chris",Chris McCullough,20170108,bkn,phi,H,20170108-phi-bkn,12,95,105,0,0,0,0,0,0,0,0,,0,0,3500,0,3000,0,5000,0,10,0,4,4,4,4,2017-01-08
3573,"West, David",David West,20170108,gsw,sac,A,20170108-gsw-sac,21,117,106,0,15.2,1,1,12,12.75,12.25,12,2pt 5rb 2as 1st 1to 1-3fg,0,0,3500,0,3000,0,6550,500,10,0,4,4,4,4,2017-01-08
3765,"Ilyasova, Ersan",Ersan Ilyasova,20170108,phi,bkn,A,20170108-phi-bkn,12,105,95,1,25.75,1,1,27.4,28.25,25.5,27.9,14pt 7rb 2as 1bl 1trey 5-16fg 3-5ft,0,0,5900,100,6300,300,11200,0,20,0,4,4,34,4,2017-01-08
4972,"Felder, Kay",Kay Felder,20170108,cle,pho,A,20170108-cle-pho,20.5,120,116,0,7.633333333,1,1,2,2,1.75,2,2pt 1-2fg,0,0,3500,-300,3300,-400,5600,300,10,0,1,1,1,1,2017-01-08
4654,"Bullock, Reggie",Reggie Bullock,20170108,det,por,A,20170108-det-por,21,125,124,0,0,0,0,0,0,0,0,,0,0,3500,0,NA,NA,5000,0,NA,NA,2,NA,23,NA,2017-01-08
3929,"Rodriguez, Sergio",Sergio Rodriguez,20170108,phi,bkn,A,20170108-phi-bkn,12,105,95,0,11.95,1,1,7.5,8,7,7.5,4pt 3as 1to 2-6fg,0,0,4700,0,4400,0,10850,1400,15,0,1,1,1,1,2017-01-08
4049,"Tolliver, Anthony",Anthony Tolliver,20170108,sac,gsw,H,20170108-gsw-sac,21,106,117,1,31.8,1,1,26,27.75,28,27.5,16pt 5rb 2st 3trey 5-9fg 3-4ft,0,0,3500,-100,3300,-400,5000,0,10,0,4,34,34,4,2017-01-08
4984,"McClellan, Sheldon",Sheldon McClellan,20170108,was,mil,A,20170108-was-mil,14,107,101,0,12.03333333,1,1,15.6,16.25,16.25,16.1,8pt 3rb 2st 1trey 3-5fg 1-1ft,0,0,3500,0,3000,0,5000,0,10,0,2,2,2,2,2017-01-08
4733,"Harris, Joe",Joe Harris,20170108,bkn,phi,H,20170108-phi-bkn,12,95,105,1,16.01666667,1,1,6.5,7.25,6.25,6.5,0pt 5rb 1as 1to 0-4fg,0,0,3500,0,3200,0,7050,600,10,0,2,3,2,2,2017-01-08
4453,"Morris, Markieff",Markieff Morris,20170108,was,mil,A,20170108-was-mil,14,107,101,1,37.73333333,1,1,36.5,40.5,39.75,37,20pt 10rb 1as 3st 3to 1trey 9-15fg 1-2ft,1,0,4900,0,5000,100,11500,550,18,0,4,34,34,4,2017-01-08
4973,"Ochefu, Daniel",Daniel Ochefu,20170108,was,mil,A,20170108-was-mil,14,107,101,0,0,0,1,0,0,0,0,,0,0,3500,0,3000,0,5000,0,10,0,4,5,5,5,2017-01-08
4965,"Ingram, Brandon",Brandon Ingram,20170108,lal,orl,H,20170108-orl-lal,21.5,111,95,0,26.76666667,1,1,22.6,25.25,25.25,23.6,17pt 3rb 2as 1bl 3to 2trey 6-9fg 3-4ft,0,0,3700,-100,4000,800,7400,700,10,0,3,3,23,3,2017-01-08
4697,"Ennis, James",James Ennis,20170108,mem,uta,H,20170108-uta-mem,20,88,79,0,27.43333333,1,1,16.5,17.75,18,17,8pt 5rb 1as 1st 1to 1trey 2-3fg 3-3ft,0,0,3700,0,3600,-200,6850,-800,10,0,3,3,23,3,2017-01-08
3777,"Mahinmi, Ian",Ian Mahinmi,20170108,was,mil,A,20170108-was-mil,14,107,101,0,0,0,0,0,0,0,0,,0,0,3900,0,3000,0,5000,0,10,0,5,5,5,5,2017-01-08
4724,"Warren, T.J.",T.J. Warren,20170108,pho,cle,H,20170108-cle-pho,20.5,116,120,1,27.4,1,1,26.6,27.75,27.75,27.1,15pt 3rb 2as 3st 1to 1trey 7-9fg,0,0,4600,-100,4800,-300,8800,-700,19,0,3,3,3,3,2017-01-08
3756,"Gortat, Marcin",Marcin Gortat,20170108,was,mil,A,20170108-was-mil,14,107,101,1,37.36666667,1,1,20.4,22.5,21.5,20.4,7pt 12rb 1bl 3to 2-5fg 3-4ft,0,0,6600,100,6400,200,12550,300,25,0,5,5,5,5,2017-01-08
4653,"Porter, Otto",Otto Porter,20170108,was,mil,A,20170108-was-mil,14,107,101,1,38.56666667,1,1,35.9,38.75,39,37.4,13pt 7rb 7as 1st 2bl 2to 3trey 3-8fg 4-4ft,0,0,6000,400,5800,-200,12350,600,25,0,3,34,3,3,2017-01-08
4850,"Martin, Jarell",Jarell Martin,20170108,mem,uta,H,20170108-uta-mem,20,88,79,0,0,0,1,0,0,0,0,,0,0,3500,0,3000,0,5000,0,10,0,4,45,45,5,2017-01-08
4744,"Hood, Rodney",Rodney Hood,20170108,uta,mem,A,20170108-uta-mem,20,79,88,1,31.08333333,1,1,14.6,15.75,13.75,15.1,9pt 3rb 2as 1to 1trey 4-14fg,0,0,4200,0,4300,-200,10650,-50,16,-2,2,2,23,2,2017-01-08
4950,"Ulis, Tyler",Tyler Ulis,20170108,pho,cle,H,20170108-cle-pho,20.5,116,120,0,0,0,1,0,0,0,0,,0,0,3500,0,3000,0,5000,0,10,0,1,1,1,1,2017-01-08
4075,"Lopez, Brook",Brook Lopez,20170108,bkn,phi,H,20170108-phi-bkn,12,95,105,1,31.81666667,1,1,33.4,36,35.5,34.9,26pt 2rb 2as 1st 1bl 2to 3trey 8-16fg 7-7ft,0,0,7000,-500,6900,400,16250,1750,27,0,5,5,5,5,2017-01-08
4933,"Jones, Damian",Damian Jones,20170108,gsw,sac,A,20170108-gsw-sac,21,117,106,0,0,0,0,0,0,0,0,,0,0,3500,0,3000,0,5000,0,10,0,5,5,5,5,2017-01-08
4468,"Fournier, Evan",Evan Fournier,20170108,orl,lal,A,20170108-orl-lal,21.5,95,111,1,33.75,1,1,29.5,32.75,30.75,30.5,19pt 5rb 3as 2st 4to 2trey 6-16fg 5-7ft,0,0,5800,-200,6300,500,13050,-500,22,0,2,23,23,2,2017-01-08
4324,"Whiteside, Hassan",Hassan Whiteside,20170108,mia,lac,A,20170108-mia-lac,15.5,86,98,1,31.13333333,1,1,32.6,35.75,34.75,32.6,15pt 13rb 2bl 2to 7-12fg 1-2ft,1,0,8300,0,8000,0,17100,-1050,45,0,5,5,5,5,2017-01-08
5000,"Zimmerman, Stephen",Stephen Zimmerman,20170108,orl,lal,A,20170108-orl-lal,21.5,95,111,0,0,0,0,0,0,0,0,,0,0,3500,0,3000,0,5000,0,10,0,5,4,4,4,2017-01-08
4929,"Siakam, Pascal",Pascal Siakam,20170108,tor,hou,H,20170108-hou-tor,18,122,129,0,0,0,1,0,0,0,0,,0,0,3500,0,3000,0,5000,0,10,0,4,4,4,4,2017-01-08
4478,"Teletovic, Mirza",Mirza Teletovic,20170108,mil,was,H,20170108-was-mil,14,101,107,1,30.66666667,1,1,13.8,15,14,14.3,5pt 4rb 2as 1st 1to 1trey 2-8fg,0,0,3500,0,3100,100,7600,400,10,0,3,4,34,4,2017-01-08
3619,"Allen, Tony",Tony Allen,20170108,mem,uta,H,20170108-uta-mem,20,88,79,1,23.1,1,1,9,11.25,10.75,9,2pt 5rb 2as 1st 4to 1-3fg,0,0,4900,300,5100,400,8250,-1000,14,0,2,2,23,2,2017-01-08
4461,"Parsons, Chandler",Chandler Parsons,20170108,mem,uta,H,20170108-uta-mem,20,88,79,1,15.83333333,1,1,11.7,12.75,13.5,12.7,9pt 1rb 1as 2trey 3-4fg 1-1ft,0,0,3500,-100,3200,-200,7100,-850,10,0,3,3,34,3,2017-01-08
5013,"Brogdon, Malcolm",Malcolm Brogdon,20170108,mil,was,H,20170108-was-mil,14,101,107,1,35.91666667,1,1,34.7,37.75,37.25,35.7,22pt 1rb 5as 3st 1bl 4to 2trey 9-15fg 2-2ft,0,0,4600,0,5600,-100,6300,150,16,3,1,12,12,2,2017-01-08
4380,"Thompson, Tristan",Tristan Thompson,20170108,cle,pho,A,20170108-cle-pho,20.5,120,116,1,28.25,1,1,20.5,21.5,21,20.5,8pt 10rb 1as 1to 2-4fg 4-4ft,0,0,4900,200,5000,500,10200,-450,18,0,5,5,45,5,2017-01-08
4908,"Williams, Troy",Troy Williams,20170108,mem,uta,H,20170108-uta-mem,20,88,79,0,0,0,0,0,0,0,0,,0,0,3500,0,3000,0,5000,-250,10,0,3,2,23,2,2017-01-08
3547,"Korver, Kyle",Kyle Korver,20170108,cle,pho,A,20170108-cle-pho,20.5,120,116,0,0,0,0,0,0,0,0,,0,0,4200,0,4700,600,7250,-250,NA,NA,2,23,23,NA,2017-01-08
4856,"Dekker, Sam",Sam Dekker,20170108,hou,tor,A,20170108-hou-tor,18,129,122,0,11.05,1,1,5.6,5.75,5,5.6,0pt 3rb 1st 0-1fg 0-2ft,0,0,3500,0,3400,0,5900,50,10,0,3,34,34,3,2017-01-08
4530,"Harkless, Maurice",Maurice Harkless,20170108,por,det,H,20170108-det-por,21,124,125,1,25.65,1,1,9.9,11,10.25,10.4,5pt 2rb 1as 1bl 1to 1trey 1-4fg 2-4ft,0,0,4700,0,NA,NA,7900,-750,NA,NA,3,NA,3,NA,2017-01-08
4675,"McDaniels, K.J.",K.J. McDaniels,20170108,hou,tor,A,20170108-hou-tor,18,129,122,0,0,0,1,0,0,0,0,,0,0,3500,0,3000,0,5000,0,10,0,2,3,3,3,2017-01-08
4297,"Lin, Jeremy",Jeremy Lin,20170108,bkn,phi,H,20170108-phi-bkn,12,95,105,0,0,0,0,0,0,0,0,,0,0,6300,0,5100,0,13300,650,23,0,1,1,12,1,2017-01-08
4668,"Clarkson, Jordan",Jordan Clarkson,20170108,lal,orl,H,20170108-orl-lal,21.5,111,95,0,28.53333333,1,1,21.8,22.5,21.5,22.3,9pt 4rb 4as 1st 1trey 3-9fg 2-2ft,0,0,4300,-100,4300,-100,10300,-300,13,-2,1,12,12,1,2017-01-08
3740,"Calderon, Jose",Jose Calderon,20170108,lal,orl,H,20170108-orl-lal,21.5,111,95,0,0,0,1,0,0,0,0,,0,0,3500,0,3000,0,5000,0,10,0,1,1,1,1,2017-01-08
3669,"Smith, J.R.",J.R. Smith,20170108,cle,pho,A,20170108-cle-pho,20.5,120,116,0,0,0,1,0,0,0,0,,0,0,3500,0,3500,0,8400,-50,15,0,2,2,23,2,2017-01-08
4799,"Russell, D'Angelo",D'Angelo Russell,20170108,lal,orl,H,20170108-orl-lal,21.5,111,95,1,30.71666667,1,1,43.1,45.5,45.5,44.1,17pt 8rb 7as 3st 1bl 2to 2trey 7-10fg 1-2ft,0,0,6800,500,6500,300,12550,-400,24,2,1,1,1,1,2017-01-08
4885,"Booker, Devin",Devin Booker,20170108,pho,cle,H,20170108-cle-pho,20.5,116,120,1,45.1,1,1,42,44.25,41.75,43,28pt 5rb 4as 2st 2to 2trey 12-24fg 2-4ft,0,0,5800,-100,6200,-100,11050,-50,25,0,2,2,2,2,2017-01-08
4292,"Johnson, Wesley",Wesley Johnson,20170108,lac,mia,H,20170108-mia-lac,15.5,98,86,0,13.5,1,1,8,8.75,7.5,8,1pt 5rb 1st 1to 0-4fg 1-2ft,0,0,3500,0,3000,0,5000,-250,10,0,3,3,23,3,2017-01-08
3979,"Conley, Mike",Mike Conley,20170108,mem,uta,H,20170108-uta-mem,20,88,79,1,34.73333333,1,1,34.9,36.5,34.25,35.4,19pt 2rb 9as 1st 2to 1trey 8-18fg 2-3ft,0,0,6900,0,6700,100,13400,-1100,29,0,1,1,1,1,2017-01-08
4523,"Lillard, Damian",Damian Lillard,20170108,por,det,H,20170108-det-por,21,124,125,1,43.46666667,1,1,33.3,37.75,36.75,34.8,20pt 9rb 5as 5to 3trey 7-16fg 3-4ft,0,0,9100,0,NA,NA,18050,-350,NA,NA,1,NA,1,NA,2017-01-08
3408,"Hilario, Nene",Nene Hilario,20170108,hou,tor,A,20170108-hou-tor,18,129,122,1,12.55,1,1,10.9,11.5,11,10.9,8pt 2rb 1as 1to 4-5fg 0-1ft,0,0,3700,200,3400,-100,6600,250,10,0,5,5,45,5,2017-01-08
4503,"Ezeli, Festus",Festus Ezeli,20170108,por,det,H,20170108-det-por,21,124,125,0,0,0,0,0,0,0,0,,0,0,3500,0,NA,NA,5000,0,NA,NA,5,NA,5,NA,2017-01-08
4934,"VanVleet, Fred",Fred VanVleet,20170108,tor,hou,H,20170108-hou-tor,18,122,129,0,0,0,1,0,0,0,0,,0,0,3500,0,3000,0,5000,0,10,0,1,1,1,1,2017-01-08
4497,"Valanciunas, Jonas",Jonas Valanciunas,20170108,tor,hou,H,20170108-hou-tor,18,122,129,1,22.91666667,1,1,15,15.75,15.75,15,8pt 5rb 1bl 1to 4-4fg,0,0,5300,0,5400,200,12800,50,18,0,5,5,5,5,2017-01-08
4276,"Davis, Ed",Ed Davis,20170108,por,det,H,20170108-det-por,21,124,125,0,0,0,1,0,0,0,0,,0,0,3500,0,NA,NA,6150,-300,NA,NA,4,NA,45,NA,2017-01-08
4076,"Bayless, Jerryd",Jerryd Bayless,20170108,phi,bkn,A,20170108-phi-bkn,12,105,95,0,0,0,1,0,0,0,0,,0,0,NA,NA,3000,0,9050,1150,18,0,NA,1,12,2,2017-01-08
4264,"Babbitt, Luke",Luke Babbitt,20170108,mia,lac,A,20170108-mia-lac,15.5,86,98,0,0,0,1,0,0,0,0,,0,0,3500,0,3000,0,5000,0,10,0,3,4,3,4,2017-01-08
4803,"Huertas, Marcelo",Marcelo Huertas,20170108,lal,orl,H,20170108-orl-lal,21.5,111,95,0,0,0,1,0,0,0,0,,0,0,3500,-100,3000,0,5000,0,10,0,1,1,1,1,2017-01-08
4928,"Davis, Deyonta",Deyonta Davis,20170108,mem,uta,H,20170108-uta-mem,20,88,79,0,0,0,1,0,0,0,0,,0,0,3500,0,3000,0,5000,0,10,0,4,4,4,4,2017-01-08
4542,"Plumlee, Miles",Miles Plumlee,20170108,mil,was,H,20170108-was-mil,14,101,107,0,0,0,1,0,0,0,0,,0,0,3500,0,3000,0,5000,0,10,0,5,5,45,5,2017-01-08
4924,"Zubac, Ivica",Ivica Zubac,20170108,lal,orl,H,20170108-orl-lal,21.5,111,95,0,0,0,1,0,0,0,0,,0,0,3500,0,3000,0,5000,0,10,0,5,5,5,5,2017-01-08
4947,"Gbinije, Michael",Michael Gbinije,20170108,det,por,A,20170108-det-por,21,125,124,0,0,0,0,0,0,0,0,,0,0,3500,0,NA,NA,5000,0,NA,NA,2,NA,3,NA,2017-01-08
4615,"Burke, Trey",Trey Burke,20170108,was,mil,A,20170108-was-mil,14,107,101,0,11.2,1,1,9.9,11,11,9.9,0pt 2rb 5as 1st 2to,0,0,3500,0,3000,0,5000,0,10,0,1,1,1,1,2017-01-08
3747,"Felton, Raymond",Raymond Felton,20170108,lac,mia,H,20170108-mia-lac,15.5,98,86,1,36.8,1,1,25.9,27.25,25.75,26.4,7pt 7rb 5as 2st 1to 1trey 3-11fg,0,0,4100,-500,4100,-600,5000,-750,11,1,1,23,12,2,2017-01-08
4839,"Hilliard, Darrun",Darrun Hilliard,20170108,det,por,A,20170108-det-por,21,125,124,0,0,0,1,0,0,0,0,,0,0,3500,0,NA,NA,5000,0,NA,NA,2,NA,2,NA,2017-01-08
4992,"LeVert, Caris",Caris LeVert,20170108,bkn,phi,H,20170108-phi-bkn,12,95,105,0,21.1,1,1,10.6,11.75,11,10.6,6pt 3rb 2as 2to 3-5fg 0-1ft,0,0,3700,100,3300,300,5850,500,10,0,3,2,2,3,2017-01-08
4441,"Burks, Alec",Alec Burks,20170108,uta,mem,A,20170108-uta-mem,20,79,88,0,2.133333333,1,1,0,0,0,0,0pt,0,0,3900,0,3000,0,5000,0,11,0,2,2,12,2,2017-01-08
4621,"Antetokounmpo, Giannis",Giannis Antetokounmpo,20170108,mil,was,H,20170108-was-mil,14,101,107,0,0,0,1,0,0,0,0,,0,0,10800,100,10700,0,21350,1100,53,0,3,1,3,1,2017-01-08
4831,"McConnell, T.J.",T.J. McConnell,20170108,phi,bkn,A,20170108-phi-bkn,12,105,95,1,36.05,1,1,24.6,26,23.75,24.6,4pt 8rb 6as 2st 2to 2-11fg,0,0,5200,1100,5900,400,6600,850,14,0,1,1,1,1,2017-01-08
4700,"McAdoo, James Michael",James Michael McAdoo,20170108,gsw,sac,A,20170108-gsw-sac,21,117,106,0,0,0,0,0,0,0,0,,0,0,3500,0,3000,0,5000,0,10,0,4,4,4,4,2017-01-08
3001,"Peace, Metta World",Metta World Peace,20170108,lal,orl,H,20170108-orl-lal,21.5,111,95,0,0,0,0,0,0,0,0,,0,0,3500,0,3000,0,5000,0,10,0,3,3,34,3,2017-01-08
4948,"Harrison, Andrew",Andrew Harrison,20170108,mem,uta,H,20170108-uta-mem,20,88,79,0,8.4,1,1,4.5,5,4.75,5,3pt 1as 1trey 1-4fg,0,0,3600,-300,4000,-200,7200,-550,10,0,1,1,12,1,2017-01-08
4122,"Speights, Marreese",Marreese Speights,20170108,lac,mia,H,20170108-mia-lac,15.5,98,86,0,14.43333333,1,1,23.9,26,27,25.4,19pt 2rb 1as 1bl 1to 3trey 6-8fg 4-4ft,0,0,4200,0,4000,0,7050,-350,10,-2,4,45,45,5,2017-01-08
4077,"Gordon, Eric",Eric Gordon,20170108,hou,tor,A,20170108-hou-tor,18,129,122,0,33.31666667,1,1,30.3,31,29.25,30.8,19pt 4rb 3as 1bl 1trey 7-16fg 4-4ft,0,0,5900,100,5900,100,10950,-450,22,0,2,2,2,2,2017-01-08
4978,"Bolomboy, Joel",Joel Bolomboy,20170108,uta,mem,A,20170108-uta-mem,20,79,88,0,0,0,0,0,0,0,0,,0,0,3500,0,3000,0,5000,0,10,0,4,4,4,4,2017-01-08
4685,"Wilcox, C.J.",C.J. Wilcox,20170108,orl,lal,A,20170108-orl-lal,21.5,95,111,0,0.883333333,1,1,0,0,0,0,0pt,0,0,3500,0,3000,0,5000,0,10,0,2,2,2,2,2017-01-08
4373,"Vucevic, Nikola",Nikola Vucevic,20170108,orl,lal,A,20170108-orl-lal,21.5,95,111,0,26.11666667,1,1,38.4,39.75,37.5,38.9,19pt 7rb 4as 1st 2bl 1to 1trey 8-17fg 2-4ft,0,0,6800,-100,6800,500,14350,750,24,0,5,5,45,5,2017-01-08
4652,"Noel, Nerlens",Nerlens Noel,20170108,phi,bkn,A,20170108-phi-bkn,12,105,95,0,24.01666667,1,1,18.8,19,17.75,18.8,8pt 4rb 3st 3-8fg 2-2ft,0,0,4600,300,4000,100,7700,150,16,0,4,5,45,5,2017-01-08
4490,"Middleton, Khris",Khris Middleton,20170108,mil,was,H,20170108-was-mil,14,101,107,0,0,0,0,0,0,0,0,,0,0,NA,NA,3000,0,5250,250,10,0,NA,2,23,2,2017-01-08
4267,"Booker, Trevor",Trevor Booker,20170108,bkn,phi,H,20170108-phi-bkn,12,95,105,1,18.28333333,1,1,17.3,17.5,17.25,17.3,4pt 4rb 3as 1st 1bl 2-3fg,0,0,5500,0,6000,300,12050,1250,22,0,4,4,4,4,2017-01-08
4579,"Reed, Willie",Willie Reed,20170108,mia,lac,A,20170108-mia-lac,15.5,86,98,0,16.86666667,1,1,19,20,19,19,4pt 10rb 1st 1bl 1to 2-6fg,0,0,4500,400,5000,800,5900,-350,12,2,5,5,45,5,2017-01-08
4509,"Robinson, Thomas",Thomas Robinson,20170108,lal,orl,H,20170108-orl-lal,21.5,111,95,0,10,1,1,14.2,15,14.25,14.2,4pt 6rb 1st 1bl 1to 2-5fg,0,0,4000,100,3400,300,6400,-150,10,0,4,4,45,4,2017-01-08
4411,"Leuer, Jon",Jon Leuer,20170108,det,por,A,20170108-det-por,21,125,124,1,6.25,1,1,1.5,1.5,1.5,1.5,0pt 1as,0,0,4800,-100,NA,NA,9050,400,NA,NA,4,NA,45,NA,2017-01-08
3891,"Lowry, Kyle",Kyle Lowry,20170108,tor,hou,H,20170108-hou-tor,18,122,129,1,39.78333333,1,1,32,34.25,32.75,32.5,12pt 5rb 6as 4st 3to 1trey 2-7fg 7-10ft,0,0,8600,-100,8300,-100,17700,50,40,-2,1,1,1,1,2017-01-08
4611,"Clark, Ian",Ian Clark,20170108,gsw,sac,A,20170108-gsw-sac,21,117,106,0,9.516666667,1,1,4,4,3,4,4pt 1-5fg 2-2ft,0,0,3500,0,3000,0,5000,0,10,0,2,12,12,2,2017-01-08
3733,"Bass, Brandon",Brandon Bass,20170108,lac,mia,H,20170108-mia-lac,15.5,98,86,0,20.36666667,1,1,18.8,20,19,18.8,12pt 4rb 2st 2to 5-9fg 2-2ft,0,0,3500,0,3000,0,5000,0,10,0,4,4,45,4,2017-01-08
4367,"Thompson, Klay",Klay Thompson,20170108,gsw,sac,A,20170108-gsw-sac,21,117,106,1,36.35,1,1,23.2,26.5,24,23.7,18pt 6rb 2as 5to 1trey 8-19fg 1-2ft,0,0,6700,400,6400,0,13600,900,29,0,2,2,23,2,2017-01-08
5010,"Onuaku, Chinanu",Chinanu Onuaku,20170108,hou,tor,A,20170108-hou-tor,18,129,122,0,0,0,1,0,0,0,0,,0,0,3500,0,3000,0,5000,0,10,0,5,5,5,5,2017-01-08
4952,"Chriss, Marquese",Marquese Chriss,20170108,pho,cle,H,20170108-cle-pho,20.5,116,120,1,33.05,1,1,28.6,29.75,28.25,29.1,12pt 3rb 4as 1st 3bl 1to 1trey 4-11fg 3-4ft,0,0,3700,-100,3500,100,5000,-400,10,0,4,4,4,4,2017-01-08
4708,"Caboclo, Bruno",Bruno Caboclo,20170108,tor,hou,H,20170108-hou-tor,18,122,129,0,0,0,1,0,0,0,0,,0,0,3500,0,3000,0,5000,0,10,0,3,3,3,3,2017-01-08
4904,"Saric, Dario",Dario Saric,20170108,phi,bkn,A,20170108-phi-bkn,12,105,95,0,29.5,1,1,22,25.75,25,23.5,18pt 5rb 1st 4to 3trey 5-13fg 5-6ft,0,0,4100,-100,4500,0,8900,-100,10,0,4,34,4,3,2017-01-08
4846,"Vaughn, Rashad",Rashad Vaughn,20170108,mil,was,H,20170108-was-mil,14,101,107,0,0,0,0,0,0,0,0,,0,0,3500,0,3000,0,6400,0,10,0,2,2,23,2,2017-01-08
3861,"Redick, J.J.",J.J. Redick,20170108,lac,mia,H,20170108-mia-lac,15.5,98,86,1,33.48333333,1,1,35.4,38.25,37.5,37.4,25pt 7rb 2as 1to 4trey 9-19fg 3-4ft,0,0,4300,-100,5100,-100,8250,-1200,15,0,2,2,2,2,2017-01-08
4571,"Snell, Tony",Tony Snell,20170108,mil,was,H,20170108-was-mil,14,101,107,1,34.13333333,1,1,9.4,10,9.75,9.9,7pt 2rb 1trey 3-6fg,0,0,3600,100,3400,100,6250,300,10,0,3,23,23,3,2017-01-08
4298,"Monroe, Greg",Greg Monroe,20170108,mil,was,H,20170108-was-mil,14,101,107,0,32.68333333,1,1,37.9,41.5,40.25,37.9,12pt 12rb 3as 4st 1bl 3to 5-12fg 2-2ft,1,0,6100,600,6100,300,10200,50,16,2,5,5,45,5,2017-01-08
4607,"Plumlee, Mason",Mason Plumlee,20170108,por,det,H,20170108-det-por,21,124,125,1,39.75,1,1,43,46.5,44.5,43,8pt 10rb 12as 1st 3bl 3to 4-12fg 0-2ft,1,0,6500,200,NA,NA,11300,-450,NA,NA,5,NA,45,NA,2017-01-08
4792,"Powell, Norman",Norman Powell,20170108,tor,hou,H,20170108-hou-tor,18,122,129,1,21.6,1,1,12.7,15.25,15.25,13.7,10pt 1rb 3as 3to 2trey 3-7fg 2-2ft,0,0,3500,0,4200,500,6250,-50,10,0,2,23,23,3,2017-01-08
2428,"Pierce, Paul",Paul Pierce,20170108,lac,mia,H,20170108-mia-lac,15.5,98,86,0,0,0,1,0,0,0,0,,0,0,3500,0,3000,0,5100,0,10,0,3,3,34,3,2017-01-08
5009,"Ellenson, Henry",Henry Ellenson,20170108,det,por,A,20170108-det-por,21,125,124,0,0,0,1,0,0,0,0,,0,0,3500,0,NA,NA,5000,0,NA,NA,4,NA,4,NA,2017-01-08
3651,"Livingston, Shaun",Shaun Livingston,20170108,gsw,sac,A,20170108-gsw-sac,21,117,106,0,18.53333333,1,1,9.4,10,9.75,9.4,6pt 2rb 1st 1to 3-4fg,0,0,3500,0,3600,0,5500,350,10,0,1,1,12,1,2017-01-08
4931,"Quarterman, Tim",Tim Quarterman,20170108,por,det,H,20170108-det-por,21,124,125,0,0,0,0,0,0,0,0,,0,0,3500,0,NA,NA,5000,0,NA,NA,1,NA,1,NA,2017-01-08
4791,"Wright, Delon",Delon Wright,20170108,tor,hou,H,20170108-hou-tor,18,122,129,0,0,0,0,0,0,0,0,,0,0,3500,0,3000,0,5000,0,10,0,1,1,1,1,2017-01-08
4565,"Withey, Jeff",Jeff Withey,20170108,uta,mem,A,20170108-uta-mem,20,79,88,0,0,0,1,0,0,0,0,,0,0,3500,0,3000,0,5000,0,10,0,5,5,5,5,2017-01-08
4762,"Embiid, Joel",Joel Embiid,20170108,phi,bkn,A,20170108-phi-bkn,12,105,95,1,23.98333333,1,1,33,34.75,33,33,20pt 5rb 4as 2bl 3to 8-14fg 4-5ft,0,0,7300,100,7900,200,15700,350,35,0,5,45,45,4,2017-01-08
4203,"Carroll, DeMarre",DeMarre Carroll,20170108,tor,hou,H,20170108-hou-tor,18,122,129,1,33.68333333,1,1,36.6,40.5,42.25,39.6,26pt 8rb 1st 1to 6trey 7-12fg 6-6ft,0,0,3500,0,3800,0,9050,0,11,-2,3,34,34,3,2017-01-08
4691,"Black, Tarik",Tarik Black,20170108,lal,orl,H,20170108-orl-lal,21.5,111,95,0,11.83333333,1,1,11.6,12.25,11.75,11.6,7pt 3rb 1st 1to 3-5fg 1-1ft,0,0,3700,200,3000,0,5800,-200,10,0,4,5,45,5,2017-01-08
4707,"Exum, Dante",Dante Exum,20170108,uta,mem,A,20170108-uta-mem,20,79,88,0,0,0,1,0,0,0,0,,0,0,3500,0,3000,0,6850,-50,10,0,1,1,12,1,2017-01-08
4832,"McRae, Jordan",Jordan McRae,20170108,cle,pho,A,20170108-cle-pho,20.5,120,116,0,0,0,1,0,0,0,0,,0,0,3600,-200,3900,-700,5000,0,11,0,2,2,12,2,2017-01-08
4521,"Leonard, Meyers",Meyers Leonard,20170108,por,det,H,20170108-det-por,21,124,125,0,18.25,1,1,13.8,15,14.5,14.8,6pt 4rb 2as 2trey 2-8fg,0,0,3500,0,NA,NA,6000,-300,NA,NA,4,NA,45,NA,2017-01-08
4616,"Caldwell-Pope, Kentavious",Kentavious Caldwell-Pope,20170108,det,por,A,20170108-det-por,21,125,124,1,48.46666667,1,1,38.8,42.5,43,40.8,26pt 4rb 2as 4st 3to 4trey 9-14fg 4-5ft,0,0,5500,-200,NA,NA,10050,-100,NA,NA,2,NA,2,NA,2017-01-08
4694,"Napier, Shabazz",Shabazz Napier,20170108,por,det,H,20170108-det-por,21,124,125,0,0,0,1,0,0,0,0,,0,0,3500,0,NA,NA,5000,0,NA,NA,1,NA,1,NA,2017-01-08
4798,"Nance, Larry",Larry Nance,20170108,lal,orl,H,20170108-orl-lal,21.5,111,95,0,0,0,0,0,0,0,0,,0,0,4000,0,3500,0,7950,0,10,0,4,34,4,4,2017-01-08
4556,"Baynes, Aron",Aron Baynes,20170108,det,por,A,20170108-det-por,21,125,124,0,6.1,1,1,3.2,3.25,2.75,3.2,2pt 1rb 1-3fg,0,0,3500,0,NA,NA,5150,150,NA,NA,5,NA,5,NA,2017-01-08
4650,"McGruder, Rodney",Rodney McGruder,20170108,mia,lac,A,20170108-mia-lac,15.5,86,98,1,34.2,1,1,14.8,15.5,14.5,15.3,5pt 4rb 2as 1st 1trey 1-7fg 2-2ft,0,0,3500,0,3000,-100,5000,-550,10,0,3,23,2,2,2017-01-08
4315,"Smith, Ishmael",Ishmael Smith,20170108,det,por,A,20170108-det-por,21,125,124,0,20.7,1,1,17.9,18.5,18.5,18.4,9pt 2rb 3as 1st 1trey 4-6fg,0,0,3600,0,NA,NA,8650,500,NA,NA,1,NA,1,NA,2017-01-08
4228,"Collison, Darren",Darren Collison,20170108,sac,gsw,H,20170108-gsw-sac,21,106,117,1,30.33333333,1,1,22.2,24.25,24.5,23.2,14pt 1rb 2as 3st 2to 2trey 6-9fg,0,0,4500,100,4700,200,10350,500,16,0,1,1,1,1,2017-01-08
4266,"Bledsoe, Eric",Eric Bledsoe,20170108,pho,cle,H,20170108-cle-pho,20.5,116,120,1,38.56666667,1,1,48.4,52,52.5,50.4,31pt 2rb 8as 2st 1bl 3to 4trey 12-18fg 3-3ft,0,0,7800,-200,6900,-400,15550,200,33,2,1,1,12,1,2017-01-08
4610,"Dellavedova, Matthew",Matthew Dellavedova,20170108,mil,was,H,20170108-was-mil,14,101,107,0,17.95,1,1,11.4,12,11,11.4,2pt 2rb 4as 1st 1to 1-5fg,0,0,3900,0,3700,0,8700,150,10,0,1,12,12,2,2017-01-08
4728,"Parker, Jabari",Jabari Parker,20170108,mil,was,H,20170108-was-mil,14,101,107,1,40.6,1,1,52.1,55,53,53.6,28pt 8rb 7as 2st 1bl 2to 3trey 9-21fg 7-9ft,0,0,7100,100,7300,0,13200,600,34,0,4,34,34,4,2017-01-08
4658,"Daniels, Troy",Troy Daniels,20170108,mem,uta,H,20170108-uta-mem,20,88,79,0,12.75,1,1,7.4,9,9.5,8.4,6pt 2rb 1to 2trey 2-4fg,0,0,3600,0,3000,-100,6250,-550,10,0,2,2,12,2,2017-01-08
4382,"Knight, Brandon",Brandon Knight,20170108,pho,cle,H,20170108-cle-pho,20.5,116,120,0,13.81666667,1,1,6.7,7.25,6,6.7,3pt 1rb 1as 1st 1to 0-4fg 3-4ft,0,0,4400,100,3900,-100,9650,100,10,0,2,12,12,1,2017-01-08
3853,"Anderson, Alan",Alan Anderson,20170108,lac,mia,H,20170108-mia-lac,15.5,98,86,0,0,0,1,0,0,0,0,,0,0,3500,0,3000,0,5000,0,10,0,2,2,23,2,2017-01-08
3304,"Johnson, Joe",Joe Johnson,20170108,uta,mem,A,20170108-uta-mem,20,79,88,0,16.83333333,1,1,9.6,9.75,8.5,9.6,6pt 3rb 3-8fg,0,0,3600,0,3200,-100,7900,0,10,0,3,23,23,2,2017-01-08
4906,"Whitehead, Isaiah",Isaiah Whitehead,20170108,bkn,phi,H,20170108-phi-bkn,12,95,105,1,20.65,1,1,11.1,14.75,14.25,11.6,5pt 3rb 3as 2bl 6to 1trey 2-6fg,0,0,3600,0,3600,100,5000,0,10,0,1,1,12,1,2017-01-08
4776,"Hezonja, Mario",Mario Hezonja,20170108,orl,lal,A,20170108-orl-lal,21.5,95,111,0,0.883333333,1,1,4.4,4.5,4.25,4.4,2pt 2rb 0-1fg 2-2ft,0,0,3500,0,3000,0,5000,0,10,0,2,2,2,2,2017-01-08
4817,"Cauley-Stein, Willie",Willie Cauley-Stein,20170108,sac,gsw,H,20170108-gsw-sac,21,106,117,0,0,0,1,0,0,0,0,,0,0,3500,0,3000,0,5850,150,10,0,4,5,45,5,2017-01-08
